int32 0,int32 1,string3 2,string3 3,int32 4,int32 5,int32 6,string3 7,string3 8,string3 9,string2 10,float 11,float 12,string2 13,int32 14,int32 15,float 16,float 17,float 18,float 19,float 20,float 21,float 22,int32 23,int32 24,float 25,float 26,float 27,float 28,int32 29,int32 30,string3 31,string3 32,string3 33,int32 34,float 35,bool 36,float 37,string2 38,string2 39,string2 40,string2 41,string2 42,string2 43
22408001,4,"","chr708",0,0,0,"","","fq01","",0,0,"F01",0,0,29.568,-0.023,-21.463,-62.077,0,0,1,1,0,0,0,0,-1,1,0,"","","",1,0,true,-1,"","","","","",""
22408002,-1,"","chr437",0,0,0,"","","bn02","",0,0,"F01",0,0,21.309,3.182,-19.681,-96.24,0,0,1,1,0,0,0,0,-1,1,0,"","","",1,0,true,-1,"","","","","",""
22408003,-1,"","chr437",0,0,0,"","","bn01","",0,0,"F01",0,0,-17.643,3.106,-16.752,-179.431,0,0,1,1,0,0,0,0,-1,1,0,"","","",1,0,true,-1,"","","","","",""
22408004,-1,"","chr512",0,0,0,"","","bn02","",0,0,"F01",2,0,-17.532,3.117,-17.875,58.208,0,0,1,1,0,0,0,0,-1,1,0,"","","",1,0,true,-1,"","","","","",""
22408005,5,"","chr567",0,0,0,"","","fe01","",0,0,"F01",0,0,-30.294,0.051,-37.339,148.675,0,0,1,1,0,0,0,0,-1,1,0,"","","",1,0,true,-1,"","","","","",""
22408006,4,"","chr437",0,0,0,"","","ba02","",0,0,"F01",0,0,28.743,-0.011,-20.579,-159.206,0,0,1,1,0,0,0,0,-1,1,0,"","","",1,0,true,-1,"","","","","",""
22408007,4,"","chr466",0,0,0,"","","fe01","",0,0,"F01",0,0,-18.087,3.452,-54.475,1135.972,-23.4,0,1,1,0,0,0,0,-1,1,0,"","","",1,0,true,-1,"","","","","",""
22408008,-1,"","chr466",0,0,0,"","","fe02","",0,0,"F01",0,0,4.675,0.971,-65.803,1075.461,0,0,1,1,0,0,0,0,-1,1,0,"","","",1,0,true,-1,"","","","","",""
22408009,-1,"","chr466",0,0,0,"","","fe01","",0,0,"F01",0,0,4.398,0.03,-63.407,981.243,0,0,1,1,0,0,0,0,-1,1,0,"","","",1,0,true,-1,"","","","","",""
22408010,4,"","chr512",0,0,0,"","","bn02","",0,0,"F01",2,0,-30.068,0.059,-38.827,49.75,0,0,1,1,0,0,0,0,-1,1,0,"","","",1,0,true,-1,"","","","","",""
22408011,4,"","chr437",0,0,0,"","","bn02","",0,0,"F01",0,0,-17.069,3.387,-54.898,-30.631,-9.706,-7.946,1,1,0,0,0,0,-1,1,0,"","","",1,0,true,-1,"","","","","",""
22408012,-1,"","chr466",0,0,0,"","","bn02","",0,0,"F01",0,0,-26.85,3.418,-52.185,1135.972,-23.4,0,1,1,0,0,0,0,-1,1,0,"","","",1,0,true,-1,"","","","","",""
22408013,5,"EnterDigiDoor_101_01","chr437",0,0,0,"","","bn02","",0,0,"F01",0,0,-24.603,0.03,-49.27,108.174,0,0,1,1,0,0,0,0,-1,1,0,"","","",1,0,true,-1,"","","","","",""
22408014,5,"","chr512",0,0,0,"","","bn01","",0,0,"F01",0,0,24.231,0.03,-39.516,241.075,0,0,1,1,0,0,0,0,-1,1,0,"","歩行者デフォルト","",1,0,true,-1,"","","","","",""
22408015,4,"","chr567",0,0,0,"","","bn02","",0,0,"F01",0,0,-22.986,0.03,-22.242,-57.588,0,0,1,1,0,0,0,0,-1,1,0,"","歩行者デフォルト","",0,3,true,-1,"","","","","",""
22408016,4,"","chr512",0,0,0,"","","ba02","",0,0,"F01",0,0,15.638,3.171,-7.448,269.372,5.701,-15.048,1,1,0,0,0,0,-1,1,0,"mob01","","",1,0,true,-1,"","","","","",""
22408017,-1,"","chr320",0,0,0,"","","br01","",0,0,"F01",0,0,14.193,4.291,-11.137,-5.753,0,0,1,1,0,0,0,0,-1,1,0,"","","",1,0,true,-1,"","","","","",""
22408018,4,"","chr437",0,0,0,"","","fe01","",0,0,"F01",0,0,14.911,3.141,-8.31,343.427,0,0,1,1,0,0,0,0,-1,1,0,"","","",1,0,true,-1,"","","","","",""
22408019,-1,"","chr320",0,0,0,"","","fe01","",0,0,"F01",0,0,15.751,4.763,-10.359,-87.977,22.449,0,1,1,0,0,0,0,-1,1,0,"","","",1,0,true,-1,"","","","","",""
22408020,5,"rumor_009","chr708",0,0,0,"","","fq02","",0,0,"F01",0,0,-0.837,0.03,-60.882,160.72,0,0,1,1,0,0,0,0,-1,1,0,"","歩行者デフォルト","",1,0,true,-1,"","","","","",""
22408021,-1,"","chr437",0,0,0,"","","fq02","",0,0,"F01",0,0,20.715,3.182,-18.829,-166.232,0,0,1,1,0,0,0,0,-1,1,0,"","","",1,0,true,-1,"","","","","",""
22408022,-1,"","chr020",0,0,0,"","","fe01","",0,0,"F01",0,0,3.914,0.03,-64.435,121.984,0,0,1,1,0,0,0,0,-1,1,0,"","","",1,0,true,-1,"","","","","",""
22408023,5,"","chr412",0,0,0,"","","bn02","",0,0,"F03",0,0,28.452,0.903,-31.047,-417.604,0,0,1,1,0,0,0,0,-1,1,0,"","","",1,0,true,-1,"","","","","",""
22408024,5,"","chr412",0,0,0,"","","fq02","",0,0,"F01",2,0,27.693,0.568,-29.222,-493.88,-0.523,0,1,1,0,0,0,0,-1,1,0,"","","",1,0,true,-1,"","","","","",""
22408025,-1,"","chr020",0,0,0,"","","br01","",0,0,"F01",0,0,-31.501,3.181,-27.635,100.017,0,0,1,1,0,0,0,0,-1,1,1,"mob01","飛行デジモン速度4","rail_move_05",0,3,true,-1,"","","","","",""
22408026,4,"","chr044",0,0,0,"","","f000","",0,0,"F01",0,0,25.494,11.5,-52.671,-40.388,0,0,1,1,0,0,0,0,-1,1,1,"sp01","飛行デジモン速度4","rail_move_08",0,3,true,-1,"1","","","","",""
22408027,5,"","chr044",0,0,0,"","","f000","",0,0,"F01",0,0,-17.063,20.15,-63.77,64.628,0,0,1,1,0,0,0,0,-1,1,1,"sp01","飛行デジモン速度4","rail_move_09",0,3,true,-1,"1","","","","",""
22408028,5,"","chr044",0,0,0,"","","f000","",0,0,"F01",0,0,-7.247,24.492,-0.995,169.201,0,0,1,1,0,0,0,0,-1,1,1,"sp01","飛行デジモン速度4","rail_move_07",0,3,true,-1,"1","","","","",""
22408029,5,"","chr044",0,0,0,"","","f000","",0,0,"F01",0,0,-64.659,36.64,-53.139,68.057,0,0,1,1,0,0,0,0,-1,1,1,"sp01","飛行デジモン速度4","rail_move_06",0,3,true,-1,"1","","","","",""
22408030,1,"mob_0001","chr710",0,0,0,"","","bd03","chr710_damaged",0,0,"F01",2,0,6.229,0.03,-56.45,-180.701,0,0,1,1,0,0,0,0,-1,1,0,"","","",1,0,true,-1,"","","","","",""
22408031,5,"","chr044",0,0,0,"","","bn02","",0,0,"F03",0,0,28.624,1.598,-29.291,-462.228,0,0,1,1,0,0,0,0,-1,1,0,"","","",1,0,true,-1,"","","","","",""
22408032,3,"","chr192",0,0,0,"","","fq01","",0,0,"F01",0,0,9.612,2.735,-19.399,-24.564,0,0,2,0,0,0,0,0,-1,1,0,"","","",1,0,true,-1,"","","","","",""
22408033,4,"","chr011",0,0,0,"","","fq02","",0,0,"F01",0,0,24.254,12.262,-55.786,-5.191,0,0,1,1,0,0,0,0,-1,1,0,"","","",1,0,true,-1,"","","","","",""
22408034,4,"","chr398",0,0,0,"","","fe04","",0,0,"F01",0,0,29.009,12.194,-55.197,-43.965,0,0,1,1,0,0,0,0,-1,1,0,"","","",1,0,true,-1,"","","","","",""
22408035,5,"","chr389",0,0,0,"","","bn02","",0,0,"F02",0,0,24.357,2.028,-58.897,-74.259,0,0,1,1,0,0,0,0,-1,1,0,"","","",1,0,true,-1,"","","","","",""
22408036,5,"","chr361",0,0,0,"","","bn02","",0,0,"F03",0,0,22.198,2.028,-60.14,-105.392,0,0,1,1,0,0,0,0,-1,1,0,"","","",1,0,true,-1,"","","","","",""
22408037,4,"","chr708",0,0,0,"","","fn02_01","",0,0,"F01",0,0,-33.023,2.999,-48.265,8.63,0,0,1,1,0,0,0,0,-1,1,0,"","","",1,0,true,-1,"","","","","",""
22408038,5,"","chr058",0,0,0,"","","bn02","",0,0,"F03",0,0,-1.768,3.068,-71.047,78.16,0,0,1.3,0,0,0,0,0,-1,1,0,"","","",1,0,true,-1,"","","","","",""
22408039,5,"","chr378",0,0,0,"","","bn02","",0,0,"F02",2,0,0.633,3.063,-71.798,1014.299,0,0,1,1,0,0,0,0,-1,1,0,"","","",1,0,true,-1,"","","","","",""
22408040,5,"rumor_010","chr056",0,0,0,"","","fq02","",0,0,"F01",0,0,1.532,1.873,-66.584,1029.308,0,0,1,1,0,0,0,0,-1,1,0,"","","",1,0,true,-1,"","","","","",""
22408041,-1,"","chr056",0,0,0,"","","fe01","",0,0,"F01",0,0,-17.558,3.438,-19.255,1083.507,0,0,1,1,0,0,0,0,-1,1,0,"","","",1,0,true,-1,"","","","","",""
22408042,5,"","chr410",0,0,0,"","","bn01","",0,0,"F01",0,0,9.695,6.513,0.333,258.148,0,0,1,1,0,0,0,0,-1,1,0,"mob01","","",1,0,true,-1,"","","","","",""
22408043,5,"","chr056",0,0,0,"","","fq02","",0,0,"F01",0,0,9.357,6.173,-1.47,388.936,0,0,1,1,0,0,0,0,-1,1,0,"mob01","","",1,0,true,-1,"","","","","",""
22408044,5,"","chr056",0,0,0,"","","bn02","",0,0,"F01",0,0,7.202,5.862,1.582,491.107,0,0,1,1,0,0,0,0,-1,1,0,"mob01","","",1,0,true,-1,"","","","","",""
22408045,4,"","chr056",0,0,0,"","","fq02","",0,0,"F01",0,0,-21.563,29.55,-50.978,290.506,0,0,1,1,0,0,0,0,-1,1,0,"mob01","","",1,0,true,-1,"","","","","",""
22408046,4,"","chr410",0,0,0,"","","bn01","",0,0,"F01",0,0,-23.601,29.89,-50.25,119.883,0,0,1,1,0,0,0,0,-1,1,0,"mob01","","",1,0,true,-1,"","","","","",""
22408047,4,"","chr595",0,0,0,"","","bn02","",0,0,"F02",0,0,1.069,2.521,-33.223,390.879,0,0,1,1,0,0,0,0,-1,1,0,"mob01","","",1,0,true,-1,"","","","","",""
22408048,5,"","chr610",0,0,0,"","","bn02","",0,0,"F02",0,0,5.876,3.323,-61.259,340.79,20,0,1,1,0,0,0,0,-1,1,0,"mob01","","",1,0,true,-1,"","","","","",""
22408049,4,"","chr705",0,0,0,"","","bn02","",0,0,"F03",0,0,-19.775,3.188,-58.097,467.572,0,0,1,1,0,0,0,0,-1,1,0,"mob01","","",1,0,true,-1,"","","","","",""
22408050,4,"","chr042",0,0,0,"","","fq02","",0,0,"F03",0,0,-27.121,9.038,-76.704,438.358,0,0,1,1,0,0,0,0,-1,1,0,"mob01","","",1,0,true,-1,"","","","","",""
22408051,4,"","chr056",0,0,0,"","","fe01","",0,0,"F01",0,0,-25.711,9.645,-77.892,276.294,0,0,1,1,0,0,0,0,-1,1,0,"mob01","","",1,0,true,-1,"","","","","",""
22408052,4,"","chr569",0,0,0,"","","fn02_02","",0,0,"F03",0,0,-13.766,4.113,-11.965,475.921,0,0,1,1,0,0,0,0,-1,1,0,"mob01","","",1,0,true,-1,"","","","","",""
22408053,4,"","chr042",0,0,0,"","","f000","",0,0,"F03",0,0,-2.785,5.721,-36.919,341.682,-20,20,1,1,0,0,0,0,-1,1,0,"mob01","","",1,0,true,-1,"","","","","",""
22408054,4,"","chr042",0,0,0,"","","bn02","",0,0,"F03",0,0,-2.444,7.268,-37.362,466.985,0,0,1,1,0,0,0,0,-1,1,0,"mob01","","",1,0,true,-1,"","","","","",""
22408055,4,"","chr042",0,0,0,"","","fq02","",0,0,"F03",0,0,-0.723,7.114,-36.525,583.107,0,0,1,1,0,0,0,0,-1,1,0,"mob01","","",1,0,true,-1,"","","","","",""
22408056,4,"","chr042",0,0,0,"","","f000","",0,0,"F03",2,0,-21.945,9.055,-23.526,80.355,70,0,1,1,0,0,0,0,-1,1,0,"mob01","","",1,0,true,-1,"","","","","",""
22408057,4,"","chr020",0,0,0,"","","br01","",0,0,"F01",0,0,-19.356,6.085,-20.361,34.802,0,0,1,1,0,0,0,0,-1,1,1,"mob01","飛行デジモン速度4","rail_move_02",0,3,true,-1,"","","","","",""
22408058,5,"","chr092",0,0,0,"","","fq02","",0,0,"F03",0,0,32.622,6.438,-48.047,259.712,0,0,1,1,0,0,0,0,-1,1,0,"","","",1,0,true,-1,"","","","","",""
22408059,5,"","chr706",0,0,0,"","","fe04","",0,0,"F01",0,0,31.485,5.579,-49.441,406.078,0,0,1,1,0,0,0,0,-1,1,0,"","","",1,0,true,-1,"","","","","",""
22408060,5,"","chr056",0,0,0,"","","fe01","",0,0,"F01",0,0,31.698,7.56,-49.336,19.257,0,0,1,1,0,0,0,0,-1,1,0,"mob01","","",1,0,true,-1,"","","","","",""
22408061,5,"","chr343",0,0,0,"","","bn01","",0,0,"F01",0,0,33.723,-0.484,-44.979,291.601,20,0,1,1,0,0,0,0,-1,1,0,"mob01","","",1,0,true,-1,"","","","","",""
22408062,5,"","chr514",0,0,0,"","","bn01","",0,0,"F01",0,0,31.485,-1.145,-43.928,502.127,0,0,1,1,0,0,0,0,-1,1,0,"mob01","","",1,0,true,-1,"","","","","",""
22408063,5,"","chr514",0,0,0,"","","fe01","",0,0,"F01",0,0,31.478,-1.1,-45.361,434.601,0,0,1,1,0,0,0,0,-1,1,0,"mob01","","",1,0,true,-1,"","","","","",""
22408064,4,"","chr311",0,0,0,"","","f001","",0,0,"F03",0,0,6.388,12.378,-40.309,392.415,0,0,1,1,0,0,0,0,-1,1,0,"","","",1,0,true,-1,"","","","","",""
22408065,4,"","chr412",0,0,0,"","","br01","",0,0,"F03",0,0,20.336,3.055,-16.355,-47.168,0,0,1,1,0,0,0,0,-1,1,1,"","デジモン速度4","rail_move_04",0,3,true,-1,"","","","","",""
22408066,5,"","chr708",0,0,0,"","","bn02","",0,0,"F03",0,0,25.016,0.03,-32.61,319.613,0,0,1,1,0,0,0,0,-1,1,0,"","","",1,0,true,-1,"","","","","",""
22408067,5,"","chr611",0,0,0,"","","bn02","",0,0,"F03",0,0,17.823,0.993,-62.03,413.791,15,0,1,1,0,0,0,0,-1,1,0,"mob01","","",1,0,true,-1,"","","","","",""
22408068,5,"","chr056",0,0,0,"","","fe01","",0,0,"F01",0,0,19.716,0.622,-61.391,230.486,0,0,1,1,0,0,0,0,-1,1,0,"mob01","","",1,0,true,-1,"","","","","",""
22408069,5,"","chr303",0,0,0,"","","bn01","",0,0,"F01",0,0,15.088,3.954,-59.858,270.105,0,0,1,1,0,0,0,0,-1,1,0,"mob01","","",1,0,true,-1,"","","","","",""
22408070,3,"","chr071",0,0,0,"","","fq01","",0,0,"F01",0,0,-4.971,1.264,-21.556,46.367,0,0,1.2,0,0,0,0,0,-1,1,0,"","","",1,0,true,-1,"","","","","",""
22408071,6,"","chr014",0,0,0,"","","fe02","",0,0,"F03",0,0,-12.078,0.03,-17.277,280.864,0,0,1.2,1,0,0,0,0,-1,1,0,"","","",1,0,true,-1,"","","","","",""
22408072,4,"","chr569",0,0,0,"","","f000","",0,0,"F03",2,0,-13.173,3.196,-13.249,487.391,0,0,1,1,0,0,0,0,-1,1,0,"mob01","","",1,0,true,-1,"","","","","",""
22408073,4,"","chr569",0,0,0,"","","f003","",0,0,"F03",2,0,-12.959,3.196,-11.031,494.223,0,0,1,1,0,0,0,0,-1,1,0,"mob01","","",1,0,true,-1,"","","","","",""
22408074,4,"","chr567",0,0,0,"","","bn02","",0,0,"F03",0,0,-14.539,3.184,-14.223,102.288,0,0,1,1,0,0,0,0,-1,1,0,"","歩行者デフォルト","",0,3,true,-1,"","","","","",""
22408075,5,"","chr043",0,0,0,"","","fe04","",0,0,"F03",0,0,-18.527,6.136,-14.024,135.756,0,0,1,1,0,0,0,0,-1,1,0,"","歩行者デフォルト","",0,3,true,-1,"","","","","",""
22408076,4,"","chr241",0,0,0,"","","bn01","",0,0,"F03",0,0,3.233,1.365,-32.862,76.069,-10,10,1,1,0,0,0,0,-1,1,0,"","歩行者デフォルト","",0,3,true,-1,"","","","","",""
22408077,4,"","chr241",0,0,0,"","","bn02","",0,0,"F03",2,0,2.476,1.198,-31.538,30.168,-8,10,1,1,0,0,0,0,-1,1,0,"","歩行者デフォルト","",0,3,true,-1,"","","","","",""
22408078,4,"","chr242",0,0,0,"","","bn02","",0,0,"F03",0,0,-0.408,2.702,-33.31,30.717,-10,10,1,1,0,0,0,0,-1,1,0,"","歩行者デフォルト","",0,3,true,-1,"","","","","",""
22408079,4,"","chr056",0,0,0,"","","fn02_01","",0,0,"F03",2,0,1.982,3.521,-37.052,147.375,-10,0,1,1,0,0,0,0,-1,1,0,"mob01","","",1,0,true,-1,"","","","","",""
22408080,4,"","chr609",0,0,0,"","","bn02","",0,0,"F03",0,0,-0.673,2.668,-34.671,390.879,0,0,1,1,0,0,0,0,-1,1,0,"mob01","","",1,0,true,-1,"","","","","",""
22408081,4,"","chr044",0,0,0,"","","fq02","",0,0,"F03",0,0,25.107,8.296,-30.54,-580.319,0,0,1,1,0,0,0,0,-1,1,0,"","","",1,0,true,-1,"","","","","",""
22408082,4,"","chr458",0,0,0,"","","fq02","",0,0,"F03",0,0,26.762,7.994,-31.919,-39.275,0,0,1,1,0,0,0,0,-1,1,0,"","","",1,0,true,-1,"","","","","",""
22408083,5,"","chr413",0,0,0,"","","bn02","",0,0,"F02",0,0,-30.406,0.03,-33.554,-234.239,0,0,1,1,0,0,0,0,-1,1,0,"","","",1,0,true,-1,"","","","","",""
22408084,5,"","chr412",0,0,0,"","","bn02","",0,0,"F02",0,0,-30.728,0.03,-31.635,63.806,-50,0,1,1,0,0,0,0,-1,1,0,"","","",1,0,true,-1,"","","","","",""
22408085,5,"","chr056",0,0,0,"","","fe01","",0,0,"F01",0,0,-29.717,0.024,-32.823,204.696,0,0,1,1,0,0,0,0,-1,1,0,"mob01","","",1,0,true,-1,"","","","","",""
22408086,5,"","chr068",0,0,0,"","","bn02","",0,0,"F02",0,0,-15.046,9.096,-11.089,147.901,0,0,1,1,0,0,0,0,-1,1,0,"","歩行者デフォルト","",0,3,true,-1,"","","","","",""
22408087,5,"","chr050",0,0,0,"","","e008","",0,0,"F01",0,0,33.1,6.417,-46.429,248.197,0,0,1,1,0,0,0,0,-1,1,0,"","歩行者デフォルト","",0,3,true,-1,"","","","","",""
22408088,5,"","chr151",0,0,0,"","","e002","",0,0,"F01",0,0,31.816,5.529,-46.556,207.161,0,0,1,1,0,0,0,0,-1,1,0,"","歩行者デフォルト","",0,3,true,-1,"","","","","",""
22408089,5,"","chr750",0,0,0,"","","f001","",0,0,"F01",0,0,31.295,5.579,-48.011,351.566,0,0,1,1,0,0,0,0,-1,1,0,"","","",1,0,true,-1,"","","","","",""
22408090,5,"","chr623",0,0,0,"","","bn02","",0,0,"F03",0,0,25.437,2.028,-57.575,-92.735,0,0,1,1,0,0,0,0,-1,1,0,"","","",1,0,true,-1,"","","","","",""
22408091,4,"","chr705",0,0,0,"","","bn01","",0,0,"F01",0,0,-12.042,5.719,-64.247,293.689,0,0,1,1,0,0,0,0,-1,1,0,"","","",1,0,true,-1,"","","","","",""
22408092,4,"","chr705",0,0,0,"","","bn02","",0,0,"F03",0,0,1.834,6.027,5.952,337.579,0,0,1,1,0,0,0,0,-1,1,0,"","","",1,0,true,-1,"","","","","",""
22408093,4,"","chr708",0,0,0,"","","bn02","",0,0,"F02",0,0,3.693,3.942,35.92,461.961,0,0,1,1,0,0,0,0,-1,1,0,"","","",1,0,true,-1,"","","","","",""
22408094,4,"","chr020",0,0,0,"","","fq02","",0,0,"F02",0,0,4.757,3.931,36.219,266.755,0,0,1,1,0,0,0,0,-1,1,0,"","","",1,0,true,-1,"","","","","",""
22408095,5,"","chr410",0,0,0,"","","bn02","",0,0,"F01",0,0,5.207,4.765,25.715,330.138,0,0,1,1,0,0,0,0,-1,1,0,"mob01","","",1,0,true,-1,"","","","","",""
22408096,5,"","chr410",0,0,0,"","","fe01","",0,0,"F01",0,0,-1.123,6.338,20.89,428.944,0,0,1,1,0,0,0,0,-1,1,0,"mob01","","",1,0,true,-1,"","","","","",""
22408097,1,"","chr380",0,0,0,"","","fq02","",0,0,"F01",0,0,-2.9,0.03,14.981,287.204,0,0,1,1,0,0,0,0,-1,1,0,"mob01","","",1,0,true,-1,"","","","","",""
22408098,-1,"","chr380",0,0,0,"","","f000","",0,0,"F01",0,0,-4.014,0.03,16.836,353.636,0,0,1,1,0,0,0,0,-1,1,0,"mob01","","",1,0,true,-1,"","","","","",""
22408099,1,"","chr020",0,0,0,"","","fe04","",0,0,"F02",0,0,-0.828,0.03,20.807,287.027,0,0,1,1,0,0,0,0,-1,1,0,"","","",1,0,true,-1,"","","","","",""
22408100,1,"","chr020",0,0,0,"","","fe01","",0,0,"F02",0,0,-1.986,0.916,20.997,469.175,0,0,1,1,0,0,0,0,-1,1,0,"","","",1,0,true,-1,"","","","","",""
22408101,1,"","chr020",0,0,0,"","","bn02","",0,0,"F02",0,0,-4.092,0.727,15.316,437.386,0,0,1,1,0,0,0,0,-1,1,0,"","","",1,0,true,-1,"","","","","",""
22408102,4,"","chr020",0,0,0,"","","bn02","",0,0,"F02",0,0,9.037,0.996,31.144,308.868,0,0,1,1,0,0,0,0,-1,1,0,"","","",1,0,true,-1,"","","","","",""
22408103,4,"","chr569",0,0,0,"","","f003","",0,0,"F03",2,0,7.927,0.03,29.962,714.539,0,0,1,1,0,0,0,0,-1,1,0,"mob01","","",1,0,true,-1,"","","","","",""
22408104,4,"","chr569",0,0,0,"","","f000","",0,0,"F03",0,0,6.742,1.007,27.122,671.087,0,0,1,1,0,0,0,0,-1,1,0,"mob01","","",1,0,true,-1,"","","","","",""
22408105,4,"","chr576",0,0,0,"","","bn02","",0,0,"F03",0,0,3.707,3.989,14.758,293.579,0,0,1,1,0,0,0,0,-1,1,0,"mob01","","",1,0,true,-1,"","","","","",""
22408106,4,"","chr020",0,0,0,"","","fn02_01","",0,0,"F01",0,0,-2.196,0.03,29.273,85.516,0,0,1,1,0,0,0,0,-1,1,0,"","","",1,0,true,-1,"","","","","",""
22408107,4,"","chr380",0,0,0,"","","bn02","",0,0,"F01",0,0,5.441,0.03,9.051,217.309,0,0,1,1,0,0,0,0,-1,1,0,"mob01","","",1,0,true,-1,"","","","","",""
22408108,4,"","chr020",0,0,0,"","","fe02","",0,0,"F02",0,0,4.448,0.03,8.033,420.705,0,0,1,1,0,0,0,0,-1,1,0,"","","",1,0,true,-1,"","","","","",""
22408109,4,"","chr070",0,0,0,"","","bn01","",0,0,"F02",0,0,0.289,11.963,15.046,368.146,0,180,1,1,0,0,0,0,-1,1,0,"","","",1,0,true,-1,"","","","","",""
22408110,4,"","chr070",0,0,0,"","","bn01","",0,0,"F02",0,0,-19.196,12.224,-2.074,437,0,-90,1,1,0,0,0,0,-1,1,0,"","","",1,0,true,-1,"","","","","",""
22408111,4,"","chr070",0,0,0,"","","bn01","",0,0,"F02",0,0,0.039,13.026,3.135,546.448,0,0,1,1,0,0,0,0,-1,1,0,"","","",1,0,true,-1,"","","","","",""
22408112,5,"","chr308",0,0,0,"","","f000","",0,0,"F02",0,0,-29.262,15.045,-44.887,773.462,0,0,1,1,0,0,0,0,-1,1,0,"","","",1,0,true,-1,"","","","","",""
22408113,5,"","chr308",0,0,0,"","","fq02","",0,0,"F02",0,0,25.763,37.562,-56.908,651.323,0,0,1,1,0,0,0,0,-1,1,0,"","","",1,0,true,-1,"","","","","",""
22408114,5,"","chr548",0,0,0,"","","bn02","",0,0,"F02",0,0,-23.558,5.362,-56.99,74.554,0,0,1,1,0,0,0,0,-1,1,0,"","","",1,0,true,-1,"","","","","",""
22408115,5,"","chr308",0,0,0,"","","bn02","",0,0,"F02",0,0,-20.712,16.774,-53.089,731.955,0,0,1,1,0,0,0,0,-1,1,0,"","","",1,0,true,-1,"","","","","",""
22408116,5,"","chr042",0,0,0,"","","bn02","",0,0,"F03",0,0,4.355,2.465,24.598,439.92,0,0,1,1,0,0,0,0,-1,1,0,"mob01","","",1,0,true,-1,"","","","","",""
22408117,5,"","chr042",0,0,0,"","","fq02","",0,0,"F01",0,0,-0.968,2.728,16.968,238.953,20,0,1,1,0,0,0,0,-1,1,0,"mob01","","",1,0,true,-1,"","","","","",""
22408118,1,"","chr567",0,0,0,"","","bn02","",0,0,"F03",0,0,1.343,0.03,17.206,45.077,0,0,1,1,0,0,0,0,-1,1,0,"","歩行者デフォルト","",0,3,true,-1,"","","","","",""
22408119,4,"","chr567",0,0,0,"","","bn02","",0,0,"F01",2,0,5.874,0.03,18.404,234.349,0,0,1,1,0,0,0,0,-1,1,0,"","歩行者デフォルト","",0,3,true,-1,"","","","","",""
22408120,1,"","chr708",0,0,0,"","","fq02","",0,0,"F03",2,0,2.688,0.03,17.71,279.639,0,0,1,1,0,0,0,0,-1,1,0,"","","",1,0,true,-1,"","","","","",""
22408121,5,"","chr011",0,0,0,"","","bn02","",0,0,"F01",0,0,21.655,37.458,-58.195,84.823,0,0,1,1,0,0,0,0,-1,1,0,"","","",1,0,true,-1,"","","","","",""
22408122,4,"","chr056",0,0,0,"","","bn02","",0,0,"F01",0,0,15.781,30.053,-63.284,263.132,0,0,1,1,0,0,0,0,-1,1,0,"mob01","","",1,0,true,-1,"","","","","",""
22408123,4,"","chr308",0,0,0,"","","f000","",0,0,"F02",0,0,-7.985,34.834,-69.412,731.955,0,0,1,1,0,0,0,0,-1,1,0,"","","",1,0,true,-1,"","","","","",""
22408124,4,"","chr044",0,0,0,"","","fe04","",0,0,"F03",0,0,-16.68,26.181,-58.665,-282.564,0,0,1,1,0,0,0,0,-1,1,0,"","","",1,0,true,-1,"","","","","",""
22408125,4,"","chr044",0,0,0,"","","bn02","",0,0,"F03",0,0,-13.861,25.378,-58.504,-414.657,0,0,1,1,0,0,0,0,-1,1,0,"","","",1,0,true,-1,"","","","","",""
22408126,5,"","chr307",0,0,0,"","","fn02_01","",0,0,"F03",0,0,29.9,4.293,-52.224,-123.323,0,0,1,1,0,0,0,0,-1,1,0,"mob01","","",1,0,true,-1,"","","","","",""
22408127,5,"","chr348",0,0,0,"","","fq02","",0,0,"F01",0,0,29.289,3.874,-52.958,3.713,0,0,1,1,0,0,0,0,-1,1,0,"mob01","","",1,0,true,-1,"","","","","",""
22408128,5,"","chr096",0,0,0,"","","bn02","",0,0,"F03",2,0,20.725,2.046,-60.898,349.176,0,0,1,1,0,0,0,0,-1,1,0,"","","",1,0,true,-1,"","","","","",""
22408129,5,"","chr042",0,0,0,"","","bn02","",0,0,"F03",2,0,21.061,2.242,-60.91,352.635,0,0,1,1,0,0,0,0,-1,1,0,"mob01","","",1,0,true,-1,"","","","","",""
22408130,4,"","chr044",0,0,0,"","","fe01","",0,0,"F03",0,0,-30.301,36.859,-52.943,-285.58,0,0,1,1,0,0,0,0,-1,1,0,"","","",1,0,true,-1,"","","","","",""
22408131,4,"","chr708",0,0,0,"","","fe03","",0,0,"F01",0,0,-24.907,22.996,-59.808,111.998,0,0,1,1,0,0,0,0,-1,1,0,"","","",1,0,true,-1,"","","","","",""
22408132,4,"","chr320",0,0,0,"","","br01","",0,0,"F01",0,0,10.695,-0.953,-44.319,-11.586,-30,0,1,1,0,0,0,0,-1,1,0,"","","",1,0,true,-1,"","","","","",""
22408133,4,"","chr320",0,0,0,"","","fe03","",0,0,"F01",0,0,10.472,-1.017,-42.929,-82.546,-20,0,1,1,0,0,0,0,-1,1,0,"","","",1,0,true,-1,"","","","","",""
22408134,4,"","chr042",0,0,0,"","","fq02","",0,0,"F03",0,0,-32.942,39.795,-23.764,512.755,0,0,1,1,0,0,0,0,-1,1,0,"mob01","","",1,0,true,-1,"","","","","",""
22408135,4,"","chr042",0,0,0,"","","fe04","",0,0,"F03",0,0,-31.622,39.241,-25.843,334.826,0,0,1,1,0,0,0,0,-1,1,0,"mob01","","",1,0,true,-1,"","","","","",""
22408136,4,"","chr042",0,0,0,"","","fq02","",0,0,"F03",0,0,-33.572,27.419,-46.511,491.647,0,0,1,1,0,0,0,0,-1,1,0,"mob01","","",1,0,true,-1,"","","","","",""
22408137,4,"","chr042",0,0,0,"","","fq02","",0,0,"F03",0,0,-31.62,27.96,-47.9,317.134,0,0,1,1,0,0,0,0,-1,1,0,"mob01","","",1,0,true,-1,"","","","","",""
22408138,4,"","chr058",0,0,0,"","","bn02","",0,0,"F03",0,0,11.822,31.778,-68.245,-18.358,0,0,1.3,0,0,0,0,0,-1,1,0,"","","",1,0,true,-1,"","","","","",""
22408139,4,"","chr005",0,0,0,"","","bn02","",0,0,"F01",0,0,29.547,14.075,-32.531,291.737,0,0,1,1,0,0,0,0,-1,1,0,"mob01","","",1,0,true,-1,"","","","","",""
22408140,4,"","chr611",0,0,0,"","","bn02","",0,0,"F03",0,0,10.253,31.778,-68.473,45.917,0,0,1.3,0,0,0,0,0,-1,1,0,"","","",1,0,true,-1,"","","","","",""
22408141,5,"","chr218",0,0,0,"","","br01","",0,0,"F03",0,0,1.162,23.178,-68.839,59.676,0,0,1.3,0,0,0,0,0,-1,1,0,"","","",1,0,true,-1,"","","","","",""
22408142,5,"","chr011",0,0,0,"","","br01","",0,0,"F01",0,0,7.372,23.202,-65.4,-95.283,0,0,1,1,0,0,0,0,-1,1,0,"","","",1,0,true,-1,"","","","","",""
22408143,5,"","chr372",0,0,0,"","","bn02","",0,0,"F01",0,0,-17.094,15.002,-65.436,757.015,0,0,1,1,0,0,0,0,-1,1,0,"","","",1,0,true,-1,"","","","","",""
22408144,4,"","chr398",0,0,0,"","","bn02","",0,0,"F01",0,0,-10.696,14.972,-67.611,43.083,0,0,1,1,0,0,0,0,-1,1,0,"","","",1,0,true,-1,"","","","","",""
22408145,4,"","chr009",0,0,0,"","","bn02","",0,0,"F01",0,0,-8.388,16.063,-67.508,266.066,0,0,1,1,0,0,0,0,-1,1,0,"","","",1,0,true,-1,"","","","","",""
22408146,4,"","chr028",0,0,0,"","","fe04","",0,0,"F01",0,0,-25.556,38.461,-60.079,0.059,0,0,1,1,0,0,0,0,-1,1,0,"","","",1,0,true,-1,"","","","","",""
22408147,4,"","chr044",0,0,0,"","","fq02","",0,0,"F03",0,0,-22.974,39.295,-59.426,-397.181,0,0,1,1,0,0,0,0,-1,1,0,"","","",1,0,true,-1,"","","","","",""
22408148,4,"","chr056",0,0,0,"","","fe01","",0,0,"F01",0,0,-30.202,17.323,-35.746,17.091,0,0,1,1,0,0,0,0,-1,1,0,"mob01","","",1,0,true,-1,"","","","","",""
22408149,4,"","chr611",0,0,0,"","","bn02","",0,0,"F03",0,0,-31.479,16.414,-34.717,121.794,0,0,1.3,0,0,0,0,0,-1,1,0,"","","",1,0,true,-1,"","","","","",""
22408150,4,"","chr042",0,0,0,"","","fe04","",0,0,"F03",2,0,-24.184,23.242,-47.694,287.459,0,0,1,1,0,0,0,0,-1,1,0,"mob01","","",1,0,true,-1,"","","","","",""
22408151,4,"","chr056",0,0,0,"","","fq02","",0,0,"F01",0,0,-26.686,22.828,-47.241,91.688,0,0,1,1,0,0,0,0,-1,1,0,"mob01","","",1,0,true,-1,"","","","","",""
22408152,4,"","chr042",0,0,0,"","","fq02","",0,0,"F03",2,0,-26.072,22.387,-48.513,342.001,0,0,1,1,0,0,0,0,-1,1,0,"mob01","","",1,0,true,-1,"","","","","",""
22408153,4,"","chr042",0,0,0,"","","fq02","",0,0,"F03",2,0,27.988,20.056,-21.465,185.855,0,0,1,1,0,0,0,0,-1,1,0,"mob01","","",1,0,true,-1,"","","","","",""
22408154,4,"","chr044",0,0,0,"","","fe04","",0,0,"F03",0,0,28.858,20.07,-23.54,-399.774,0,0,1,1,0,0,0,0,-1,1,0,"","","",1,0,true,-1,"","","","","",""
22408155,4,"","chr410",0,0,0,"","","bn01","",0,0,"F01",0,0,28.193,25.349,-31.012,252.142,0,0,1,1,0,0,0,0,-1,1,0,"mob01","","",1,0,true,-1,"","","","","",""
22408156,4,"","chr058",0,0,0,"","","bn02","",0,0,"F03",0,0,37.002,34.468,-28.983,-71.425,0,0,1.3,0,0,0,0,0,-1,1,0,"","","",1,0,true,-1,"","","","","",""
22408157,4,"","chr042",0,0,0,"","","fq02","",0,0,"F03",2,0,33.081,33.671,-29.921,62.795,0,0,1,1,0,0,0,0,-1,1,0,"mob01","","",1,0,true,-1,"","","","","",""
22408158,4,"","chr056",0,0,0,"","","fq02","",0,0,"F03",2,0,29.1,25.501,-33.789,62.795,0,0,1,1,0,0,0,0,-1,1,0,"mob01","","",1,0,true,-1,"","","","","",""
22408159,4,"","chr056",0,0,0,"","","bn02","",0,0,"F03",2,0,27.803,24.743,-31.85,75.684,0,0,1,1,0,0,0,0,-1,1,0,"mob01","","",1,0,true,-1,"","","","","",""
22408160,6,"","chr308",0,0,0,"","","fe04","",0,0,"F02",0,0,15.917,3.14,-41.507,463.655,0,0,1,1,0,0,0,0,-1,1,0,"","","",1,0,true,-1,"","","","","",""
22408161,6,"","chr011",0,0,0,"","","fe02","",0,0,"F01",0,0,9.546,11.793,-48.824,-105.775,0,0,1,1,0,0,0,0,-1,1,0,"","","",1,0,true,-1,"","","","","",""
22408162,6,"","chr218",0,0,0,"","","br01","",0,0,"F03",0,0,3.767,12.485,-52.151,41.778,0,0,1.3,0,0,0,0,0,-1,1,0,"","","",1,0,true,-1,"","","","","",""
22408163,6,"rumor_001","chr410",0,0,0,"","","bn01","",0,0,"F03",0,0,-12.478,1.445,-24.564,4.927,0,0,1,1,2,0,0.3,0,-1,1,0,"mob01","","",1,0,true,-1,"","","","","",""
22408164,6,"rumor_002","chr410",0,0,0,"","","fe02","",0,0,"F03",0,0,-11.183,0.897,-22.637,-123.376,0,0,1,1,2,0,0.3,0,-1,1,0,"mob01","","",1,0,true,-1,"","","","","",""
22408165,6,"","chr410",0,0,0,"","","fq01","",0,0,"F01",0,0,-13.274,0.483,-23.93,-256.018,0,0,1,1,0,0,0,0,-1,1,0,"mob01","","",1,0,true,-1,"","","","","",""
22408166,6,"","chr044",0,0,0,"","","fq01","",0,0,"F03",0,0,16.651,0.17,-29.172,-593.657,0,0,1,1,0,0,0,0,-1,1,0,"","","",1,0,true,-1,"","","","","",""
22408167,6,"rumor_003","chr044",0,0,0,"","","fe02","",0,0,"F03",0,0,18.577,0.612,-30.995,-9.008,0,0,1,1,2,0,0.4,0,-1,1,0,"","","",1,0,true,-1,"","","","","",""
22408168,6,"","chr044",0,0,0,"","","f000","",0,0,"F03",0,0,18.235,-0.32,-28.468,-549.783,0,0,1,1,0,0,0,0,-1,1,0,"","","",1,0,true,-1,"","","","","",""
22408169,6,"rumor_008","chr134",0,0,0,"","","fq02","",0,0,"F01",0,0,8.468,-0.111,-33.77,-16.886,0,0,1.3,0,2,0,0.5,0,25,1,0,"","","",1,0,true,-1,"","","","","",""
22408170,6,"rumor_007","chr719",0,0,0,"","","fe04","",0,0,"F01",0,0,6.378,-0.077,-30.87,138.742,0,0,1,1,2,0,0.5,0,25,1,0,"","","",1,0,true,-1,"","","","","",""
22408171,6,"rumor_004","chr079",0,0,0,"","","fe02","",0,0,"F01",0,0,23.35,0.03,-44.434,326.325,0,0,1,1,2,0,1,0,-1,1,0,"","","",1,0,true,-1,"","","","","",""
22408172,6,"","chr512",0,0,0,"","","fe02","",0,0,"F01",0,0,23.245,0.03,-42.031,182.423,0,0,1,1,0,0,0,0,-1,1,0,"","","",1,0,true,-1,"","","","","",""
22408173,6,"","chr437",0,0,0,"","","fe02","",0,0,"F01",0,0,21.529,0.03,-45.411,86.311,0,0,1,1,0,0,0,0,-1,1,0,"","","",1,0,true,-1,"","","","","",""
22408174,6,"","chr708",0,0,0,"","","fe04","",0,0,"F01",0,0,21.264,0.03,-42.955,117.758,0,0,1,1,0,0,0,0,-1,1,0,"","","",1,0,true,-1,"","","","","",""
22408175,6,"rumor_005","chr074",0,0,0,"","","fq01","",0,0,"F01",0,0,-14.131,0.264,-36.257,157.792,0,0,1,1,0,0,0,0,-1,1,0,"","","",1,0,true,-1,"","","","","",""
22408176,6,"rumor_006","chr721",0,0,0,"","","fe02","",0,0,"F01",0,0,-11.672,-0.126,-41.039,332.698,0,0,1,1,2,0,1.3,-0.5,-1,1,0,"","","",1,0,true,-1,"","","","","",""
22408177,6,"rumor_013","chr408",0,0,0,"","","fe02","",0,0,"F01",0,0,1.581,-0.307,-44.127,177.75,0,0,1,1,2,-0.5,0.7,0,23,1,0,"","","",1,0,true,-1,"","","","","",""
22408178,6,"","chr052",0,0,0,"","","ba02","",0,0,"F01",0,0,-13.846,0.03,-16.204,276.2,0,0,1.2,1,0,0,0,0,-1,1,0,"","","",1,0,true,-1,"","","","","",""
22408179,6,"rumor_015","chr073",0,0,0,"","","fe04","",0,0,"F01",0,0,4.573,0.453,-46.152,283.861,0,0,1,1,0,0,0,0,-1,1,0,"","","",1,0,true,-1,"","","","","",""
22408180,6,"","chr456",0,0,0,"","","fe04","",0,0,"F03",0,0,-14.114,0.03,-19.033,339.387,0,0,1.2,1,0,0,0,0,-1,1,0,"","","",1,0,true,-1,"","","","","",""
22408181,6,"","chr042",0,0,0,"","","fe02","",0,0,"F01",0,0,-1.682,2.728,17.474,410.469,20,0,1,1,0,0,0,0,-1,1,0,"mob01","","",1,0,true,-1,"","","","","",""
22408182,6,"","chr042",0,0,0,"","","fe01","",0,0,"F03",0,0,3.029,2.465,23.515,318.733,0,0,1,1,0,0,0,0,-1,1,0,"mob01","","",1,0,true,-1,"","","","","",""
22408184,6,"","chr056",0,0,0,"","","fe02","",0,0,"F01",0,0,2.356,1.938,-22.295,1307.606,0,0,1,1,0,0,0,0,-1,1,0,"","","",1,0,true,-1,"","","","","",""
22408185,6,"","chr623",0,0,0,"","","fe04","",0,0,"F03",0,0,25.236,2.028,-57.297,-125.862,0,0,1,1,0,0,0,0,-1,1,0,"","","",1,0,true,-1,"","","","","",""
22408186,6,"","chr389",0,0,0,"","","fe04","",0,0,"F01",0,0,23.986,2.028,-58.901,15.622,0,0,1,1,0,0,0,0,-1,1,0,"","","",1,0,true,-1,"","","","","",""
22408187,6,"","chr361",0,0,0,"","","fe02","",0,0,"F03",0,0,22.58,2.028,-59.831,-15.206,0,0,1,1,0,0,0,0,-1,1,0,"","","",1,0,true,-1,"","","","","",""
22408188,6,"","chr042",0,0,0,"","","fe02","",0,0,"F03",0,0,26.607,2.019,-49.574,359.988,0,0,1,1,0,0,0,0,-1,1,0,"mob01","","",1,0,true,-1,"","","","","",""
22408189,6,"","chr096",0,0,0,"","","fe04","",0,0,"F03",0,0,30.956,5.072,-54.873,316.616,0,0,1,1,0,0,0,0,-1,1,0,"","","",1,0,true,-1,"","","","","",""
22408190,6,"","chr348",0,0,0,"","","fe03","",0,0,"F03",0,0,29.289,3.874,-52.958,28.659,0,0,1,1,0,0,0,0,-1,1,0,"mob01","","",1,0,true,-1,"","","","","",""
22408191,6,"","chr307",0,0,0,"","","fe04","",0,0,"F03",0,0,29.942,4.285,-52.009,-123.323,0,0,1,1,0,0,0,0,-1,1,0,"mob01","","",1,0,true,-1,"","","","","",""
22408192,6,"rumor_011","chr092",0,0,0,"","","fe04","",0,0,"F03",0,0,32.625,6.438,-47.997,283.759,0,0,1,1,2,0,0.3,0,25,1,0,"","","",1,0,true,-1,"","","","","",""
22408193,6,"","chr050",0,0,0,"","","e100","",0,0,"F01",0,0,33.056,6.416,-46.429,248.197,0,0,1,1,0,0,0,0,-1,1,0,"","歩行者デフォルト","",0,3,true,-1,"","","","","",""
22408194,6,"","chr151",0,0,0,"","","e004","",0,0,"F01",0,0,31.809,5.529,-46.574,202.266,0,0,1,1,0,0,0,0,-1,1,0,"","歩行者デフォルト","",0,3,true,-1,"","","","","",""
22408195,6,"","chr750",0,0,0,"","","fe04","",0,0,"F01",0,0,31.295,5.579,-48.011,351.566,0,0,1,1,0,0,0,0,-1,1,0,"","","",1,0,true,-1,"","","","","",""
22408196,6,"","chr706",0,0,0,"","","fe02","",0,0,"F01",0,0,31.485,5.579,-49.441,406.078,0,0,1,1,0,0,0,0,-1,1,0,"","","",1,0,true,-1,"","","","","",""
22408197,6,"","chr056",0,0,0,"","","fe04","",0,0,"F01",0,0,31.664,7.56,-49.343,-22.994,0,0,1,1,0,0,0,0,-1,1,0,"mob01","","",1,0,true,-1,"","","","","",""
22408198,6,"rumor_012","chr343",0,0,0,"","","fe04","",0,0,"F03",0,0,30.402,4.815,-51.033,258.342,0,0,1,1,2,0,0.5,0,25,1,0,"mob01","","",1,0,true,-1,"","","","","",""
22408199,6,"","chr514",0,0,0,"","","fq01","",0,0,"F01",0,0,28.61,-1.041,-44.571,617.78,0,0,1,1,0,0,0,0,-1,1,0,"mob01","","",1,0,true,-1,"","","","","",""
22408200,6,"","chr514",0,0,0,"","","fe02","",0,0,"F01",0,0,27.414,-1.1,-46.476,300.036,0,0,1,1,0,0,0,0,-1,1,0,"mob01","","",1,0,true,-1,"","","","","",""
22408201,6,"","chr611",0,0,0,"","","fe02","",0,0,"F03",0,0,17.823,0.993,-62.03,413.791,15,0,1,1,0,0,0,0,-1,1,0,"mob01","","",1,0,true,-1,"","","","","",""
22408202,6,"","chr056",0,0,0,"","","fq01","",0,0,"F01",0,0,19.631,1.077,-61.449,239.92,0,0,1,1,0,0,0,0,-1,1,0,"mob01","","",1,0,true,-1,"","","","","",""
22408203,6,"","chr413",0,0,0,"","","fe04","",0,0,"F03",0,0,-30.253,0.03,-33.971,-294.34,0,0,1,1,0,0,0,0,-1,1,0,"","","",1,0,true,-1,"","","","","",""
22408204,6,"","chr412",0,0,0,"","","fe04","",0,0,"F03",0,0,-29.743,0.03,-32.18,115.678,0,0,1,1,0,0,0,0,-1,1,0,"","","",1,0,true,-1,"","","","","",""
22408205,6,"","chr056",0,0,0,"","","fe01","",0,0,"F01",0,0,-31.145,0.871,-34.505,64.85,0,0,1,1,0,0,0,0,-1,1,0,"mob01","","",1,0,true,-1,"","","","","",""
22408206,6,"","chr567",0,0,0,"","","fe02","",0,0,"F01",0,0,-21.355,0.03,-39.005,18.257,0,0,1,1,0,0,0,0,-1,1,0,"","","",1,0,true,-1,"","","","","",""
22408207,6,"","chr043",0,0,0,"","","fe04","",0,0,"F03",0,0,-15.2,0.03,-18.287,4.632,0,0,1,1,0,0,0,0,-1,1,0,"","歩行者デフォルト","",0,3,true,-1,"","","","","",""
22408208,7,"","chr372",0,0,0,"","","fe02","",0,0,"F01",0,0,-9.588,-0.081,-37.042,232.996,0,0,1,1,0,0,0,0,-1,1,0,"","","",1,0,true,-1,"","","","","",""
22408209,6,"","chr610",0,0,0,"","","fe02","",0,0,"F02",0,0,5.992,3.323,-61.259,340.79,20,0,1,1,0,0,0,0,-1,1,0,"mob01","","",1,0,true,-1,"","","","","",""
22408210,6,"","chr308",0,0,0,"","","fe02","",0,0,"F03",0,0,-21.703,16.774,-51.18,761.883,0,0,1,1,0,0,0,0,-1,1,0,"","","",1,0,true,-1,"","","","","",""
22408211,6,"","chr308",0,0,0,"","","fq01","",0,0,"F02",0,0,25.434,38.131,-55.991,636.308,0,0,1,1,0,0,0,0,-1,1,0,"","","",1,0,true,-1,"","","","","",""
22408212,6,"","chr011",0,0,0,"","","fe04","",0,0,"F01",0,0,21.203,37.458,-58.732,84.823,0,0,1,1,0,0,0,0,-1,1,0,"","","",1,0,true,-1,"","","","","",""
22408213,6,"","chr058",0,0,0,"","","fe04","",0,0,"F03",0,0,0.869,3.068,-70.467,12.406,0,0,1.3,0,0,0,0,0,-1,1,0,"","","",1,0,true,-1,"","","","","",""
22408214,6,"","chr412",0,0,0,"","","fq01","",0,0,"F03",0,0,27.693,0.568,-29.222,-468.816,-0.523,0,1,1,0,0,0,0,-1,1,0,"","","",1,0,true,-1,"","","","","",""
22408215,6,"","chr412",0,0,0,"","","fe04","",0,0,"F03",0,0,28.455,0.903,-31.05,-428.9,0,0,1,1,0,0,0,0,-1,1,0,"","","",1,0,true,-1,"","","","","",""
22408216,6,"rumor_014","chr342",0,0,0,"","","bn01","",0,0,"F01",0,0,2.027,0.03,3.13,230.906,0,0,1,1,0,0,0,0,-1,1,0,"","歩行者デフォルト","",1,0,true,-1,"","","","","",""
22408217,6,"rumor_016","chr240",0,0,0,"","","fe04","",0,0,"F03",0,0,8.336,-0.111,-41.728,122.011,0,0,1,1,2,0,0.5,0,-1,1,0,"","","",1,0,true,-1,"","","","","",""
22408218,3,"","chr740",0,0,0,"","","bn01","",0,0,"F01",0,0,3.385,5.181,-35.783,47.586,0,0,1,1,0,0,0,0,-1,1,0,"","","",1,0,true,-1,"","","","","",""
22408219,6,"","chr303",0,0,0,"","","fq01","",0,0,"F01",0,0,29.277,3.774,-47.701,258.351,0,0,1,1,0,0,0,0,-1,1,0,"mob01","","",1,0,true,-1,"","","","","",""
22408220,6,"","chr718",0,0,0,"","","fe04","",0,0,"F03",0,0,-15.424,0.03,-19.962,367.516,0,0,1.2,1,0,0,0,0,-1,1,0,"","","",1,0,true,-1,"","","","","",""
22408221,10,"s070_056_mob01","chr437",0,0,0,"","","ba02","",0,0,"",0,0,-27.591,0.03,-46.688,40.928,0,0,1,1,0,0,0,0,-1,0,0,"","デジモンデフォルト","",1,0,true,-1,"","","","","",""
