string2 0,empty 1,empty 2,empty 3,string2 4,bool 5,bool 6,bool 7,bool 8,bool 9,bool 10,bool 11,bool 12,int32 13,int32 14,int32 15,int32 16,int32 17,int32 18,empty 19,int32 20,int32 21,string2 22,string2 23,string2 24,string2 25,string2 26,string2 27
"aigio_001",,,,"char_AEGIOMON",true,true,true,true,true,true,true,true,0,0,0,0,100,0,,0,100,"","","","","",""
"blimp_001",,,,"char_BLIMPMON",true,true,true,true,true,true,true,true,0,0,0,0,100,0,,0,100,"","","","","",""
"aigiou_001",,,,"char_AEGIOCHUSMON",true,true,true,true,true,true,true,true,0,0,0,0,100,0,,0,100,"","","","","",""
"aigiob_001",,,,"char_AEGIOCHUSMON_BLUE",true,true,true,true,true,true,true,true,0,0,0,0,100,0,,0,100,"","","","","",""
"aigiog_001",,,,"char_AEGIOCHUSMON_GREEN",true,true,true,true,true,true,true,true,0,0,0,0,100,0,,0,100,"","","","","",""
"aigiod_001",,,,"char_AEGIOCHUSMON_DARK",true,true,true,true,true,true,true,true,0,0,0,0,100,0,,0,100,"","","","","",""
"aigioh_001",,,,"char_AEGIOCHUSMON_HOLLY",true,true,true,true,true,true,true,true,0,0,0,0,100,0,,0,100,"","","","","",""
"Seire_001",,,,"char_SIRENMON",true,true,true,true,true,true,true,true,0,0,0,0,100,0,,0,100,"","","","","",""
"loco_001",,,,"char_LOCOMON",true,true,true,true,true,true,true,true,0,0,0,0,100,0,,0,100,"","","","","",""
"yupi_001",,,,"char_JUPITERMON",true,true,true,true,true,true,true,true,0,0,0,0,100,0,,0,100,"","","","","",""
"yupira_001",,,,"char_JUPITERMON_WRATHMODE",true,true,true,true,true,true,true,true,0,0,0,0,100,0,,0,100,"","","","","",""
"mars_001",,,,"char_MARSMON",true,true,true,true,true,true,true,true,0,0,0,0,100,0,,0,100,"","","","","",""
"mel_001",,,,"char_MERCURYMON",true,true,true,true,true,true,true,true,0,0,0,0,100,0,,0,100,"","","","","",""
"nep_001",,,,"char_NEPTUNEMON",true,true,true,true,true,true,true,true,0,0,0,0,100,0,,0,100,"","","","","",""
"mine_001",,,,"char_MINERVAMON",true,true,true,true,true,true,true,true,0,0,0,0,100,0,,0,100,"","","","","",""
"meruv_001",,,,"char_MERVAMON",true,true,true,true,true,true,true,true,0,0,0,0,100,0,,0,100,"","","","","",""
"apollo_001",,,,"char_APOLLOMON",true,true,true,true,true,true,true,true,0,0,0,0,100,0,,0,100,"","","","","",""
"diana_001",,,,"char_DIANAMON",true,true,true,true,true,true,true,true,0,0,0,0,100,0,,0,100,"","","","","",""
"vulca_001",,,,"char_VULCANUSMON",true,true,true,true,true,true,true,true,0,0,0,0,100,0,,0,100,"","","","","",""
"venus_001",,,,"char_VENUSMON",true,true,true,true,true,true,true,true,0,0,0,0,100,0,,0,100,"","","","","",""
"bacc_001",,,,"char_BACCHUSMON",true,true,true,true,true,true,true,true,0,0,0,0,100,0,,0,100,"","","","","",""
"yuno_001",,,,"char_JUNOMON",true,true,true,true,true,true,true,true,0,0,0,0,100,0,,0,100,"","","","","",""
"yunoh_001",,,,"char_JUNOMON_HYSTERICMODE",true,true,true,true,true,true,true,true,0,0,0,0,100,0,,0,100,"","","","","",""
"cere_001",,,,"char_CERESMON",true,true,true,true,true,true,true,true,0,0,0,0,100,0,,0,100,"","","","","",""
"cerem_001",,,,"char_CERESMON_MEDIUM",true,true,true,true,true,true,true,true,0,0,0,0,100,0,,0,100,"","","","","",""
"pluto_001",,,,"char_PLUTOMON",true,true,true,true,true,true,true,true,0,0,0,0,100,0,,0,100,"","","","","",""
"zplu_001",,,,"char_UNDEADPLUTOMON",true,true,true,true,true,true,true,true,0,0,0,0,100,0,,0,100,"","","","","",""
"gnov_001",,,,"char_GRACENOVAMON",true,true,true,true,true,true,true,true,0,0,0,0,100,0,,0,100,"","","","","",""
"gloco_001",,,,"char_GROUNDLOCOMON",true,true,true,true,true,true,true,true,0,0,0,0,100,0,,0,100,"","","","","",""
"omega_001",,,,"char_OMEGAMON",true,true,true,true,true,true,true,true,0,0,0,0,100,0,,0,100,"","","","","",""
"gob_001",,,,"char_GOBURIMON",true,true,true,true,true,true,true,true,0,0,0,0,100,0,,0,100,"","","","","",""
"oga_001",,,,"char_ORGEMON",true,true,true,true,true,true,true,true,0,0,0,0,100,0,,0,100,"","","","","",""
"fuga_001",,,,"char_FUGAMON",true,true,true,true,true,true,true,true,0,0,0,0,100,0,,0,100,"","","","","",""
"hyoga_001",,,,"char_HYOUGAMON",true,true,true,true,true,true,true,true,0,0,0,0,100,0,,0,100,"","","","","",""
"gray_001",,,,"char_GREYMON",true,true,true,true,true,true,true,true,0,0,0,0,100,0,,0,100,"","","","","",""
"tita_001",,,,"char_TITAMON",true,true,true,true,true,true,true,true,0,0,0,0,100,0,,0,100,"","","","","",""
"chro_001",,,,"char_CHRONOMON",true,true,true,true,true,true,true,true,0,0,0,0,100,0,,0,100,"","","","","",""
"chdes_001",,,,"char_CHRONOMON_DESTROY",true,true,true,true,true,true,true,true,0,0,0,0,100,0,,0,100,"","","","","",""
"puka_001",,,,"char_PUKAMON",true,true,true,true,true,true,true,true,0,0,0,0,100,0,,0,100,"","","","","",""
"otama_001",,,,"char_OTAMAMON",true,true,true,true,true,true,true,true,0,0,0,0,100,0,,0,100,"","","","","",""
"syako_001",,,,"char_SHAKOMON",true,true,true,true,true,true,true,true,0,0,0,0,100,0,,0,100,"","","","","",""
"goma_001",,,,"char_GOMAMON",true,true,true,true,true,true,true,true,0,0,0,0,100,0,,0,100,"","","","","",""
"gani_001",,,,"char_GANIMON",true,true,true,true,true,true,true,true,0,0,0,0,100,0,,0,100,"","","","","",""
"kame_001",,,,"char_KAMEMON",true,true,true,true,true,true,true,true,0,0,0,0,100,0,,0,100,"","","","","",""
"seado_001",,,,"char_SEADRAMON",true,true,true,true,true,true,true,true,0,0,0,0,100,0,,0,100,"","","","","",""
"octa_001",,,,"char_OCTMON",true,true,true,true,true,true,true,true,0,0,0,0,100,0,,0,100,"","","","","",""
"gawa_001",,,,"char_GAWAPPAMON",true,true,true,true,true,true,true,true,0,0,0,0,100,0,,0,100,"","","","","",""
"hoe_001",,,,"char_WHAMON",true,true,true,true,true,true,true,true,0,0,0,0,100,0,,0,100,"","","","","",""
"megas_001",,,,"char_MEGASEADRAMON",true,true,true,true,true,true,true,true,0,0,0,0,100,0,,0,100,"","","","","",""
"warus_001",,,,"char_WARUSEADRAMON",true,true,true,true,true,true,true,true,0,0,0,0,100,0,,0,100,"","","","","",""
"dago_001",,,,"char_DAGOMON",true,true,true,true,true,true,true,true,0,0,0,0,100,0,,0,100,"","","","","",""
"shaw_001",,,,"char_SHAWUJINMON",true,true,true,true,true,true,true,true,0,0,0,0,100,0,,0,100,"","","","","",""
"metals_001",,,,"char_METALSEADRAMON",true,true,true,true,true,true,true,true,0,0,0,0,100,0,,0,100,"","","","","",""
"presi_001",,,,"char_PLESIOMON",true,true,true,true,true,true,true,true,0,0,0,0,100,0,,0,100,"","","","","",""
"mari_001",,,,"char_MARINEANGEMON",true,true,true,true,true,true,true,true,0,0,0,0,100,0,,0,100,"","","","","",""
"jagame_001",,,,"char_JUMBOGAMEMON",true,true,true,true,true,true,true,true,0,0,0,0,100,0,,0,100,"","","","","",""
"bab_001",,,,"char_BUBBMON",true,true,true,true,true,true,true,true,0,0,0,0,100,0,,0,100,"","","","","",""
"pyoko_001",,,,"char_PYOCOMON",true,true,true,true,true,true,true,true,0,0,0,0,100,0,,0,100,"","","","","",""
"mochi_001",,,,"char_MOCHIMON",true,true,true,true,true,true,true,true,0,0,0,0,100,0,,0,100,"","","","","",""
"tane_001",,,,"char_TANEMON",true,true,true,true,true,true,true,true,0,0,0,0,100,0,,0,100,"","","","","",""
"piyo_001",,,,"char_PIYOMON",true,true,true,true,true,true,true,true,0,0,0,0,100,0,,0,100,"","","","","",""
"tent_001",,,,"char_TENTOMON",true,true,true,true,true,true,true,true,0,0,0,0,100,0,,0,100,"","","","","",""
"fanbi_001",,,,"char_FUNBEEMON",true,true,true,true,true,true,true,true,0,0,0,0,100,0,,0,100,"","","","","",""
"flo_001",,,,"char_FLORAMON",true,true,true,true,true,true,true,true,0,0,0,0,100,0,,0,100,"","","","","",""
"mash_001",,,,"char_MUSHMON",true,true,true,true,true,true,true,true,0,0,0,0,100,0,,0,100,"","","","","",""
"hawk_001",,,,"char_HAWKMON",true,true,true,true,true,true,true,true,0,0,0,0,100,0,,0,100,"","","","","",""
"mucho_001",,,,"char_MUCHOMON",true,true,true,true,true,true,true,true,0,0,0,0,100,0,,0,100,"","","","","",""
"worm_001",,,,"char_WORMMON",true,true,true,true,true,true,true,true,0,0,0,0,100,0,,0,100,"","","","","",""
"lala_001",,,,"char_LALAMON",true,true,true,true,true,true,true,true,0,0,0,0,100,0,,0,100,"","","","","",""
"aquila_001",,,,"char_AQUILAMON",true,true,true,true,true,true,true,true,0,0,0,0,100,0,,0,100,"","","","","",""
"wood_001",,,,"char_WOODMON",true,true,true,true,true,true,true,true,0,0,0,0,100,0,,0,100,"","","","","",""
"kabute_001",,,,"char_KABUTERIMON",true,true,true,true,true,true,true,true,0,0,0,0,100,0,,0,100,"","","","","",""
"kiwi_001",,,,"char_KIWIMON",true,true,true,true,true,true,true,true,0,0,0,0,100,0,,0,100,"","","","","",""
"geko_001",,,,"char_GEKOMON",true,true,true,true,true,true,true,true,0,0,0,0,100,0,,0,100,"","","","","",""
"toge_001",,,,"char_TOGEMON",true,true,true,true,true,true,true,true,0,0,0,0,100,0,,0,100,"","","","","",""
"beji_001",,,,"char_VEGIMON",true,true,true,true,true,true,true,true,0,0,0,0,100,0,,0,100,"","","","","",""
"wasp_001",,,,"char_WASPMON",true,true,true,true,true,true,true,true,0,0,0,0,100,0,,0,100,"","","","","",""
"sunf_001",,,,"char_SUNFLOWMON",true,true,true,true,true,true,true,true,0,0,0,0,100,0,,0,100,"","","","","",""
"fly_001",,,,"char_FLYMON",true,true,true,true,true,true,true,true,0,0,0,0,100,0,,0,100,"","","","","",""
"garuda_001",,,,"char_GARUDAMON",true,true,true,true,true,true,true,true,0,0,0,0,100,0,,0,100,"","","","","",""
"sylphy_001",,,,"char_SILPHYMON",true,true,true,true,true,true,true,true,0,0,0,0,100,0,,0,100,"","","","","",""
"atlaka_001",,,,"char_ATLURKABUTERIMON",true,true,true,true,true,true,true,true,0,0,0,0,100,0,,0,100,"","","","","",""
"ete_001",,,,"char_ETEMON",true,true,true,true,true,true,true,true,0,0,0,0,100,0,,0,100,"","","","","",""
"tono_001",,,,"char_TONOSAMAGEKOMON",true,true,true,true,true,true,true,true,0,0,0,0,100,0,,0,100,"","","","","",""
"dera_001",,,,"char_DELUMON",true,true,true,true,true,true,true,true,0,0,0,0,100,0,,0,100,"","","","","",""
"jure_001",,,,"char_JYUREIMON",true,true,true,true,true,true,true,true,0,0,0,0,100,0,,0,100,"","","","","",""
"lyla_001",,,,"char_LILAMON",true,true,true,true,true,true,true,true,0,0,0,0,100,0,,0,100,"","","","","",""
"lili_001",,,,"char_LILLYMON",true,true,true,true,true,true,true,true,0,0,0,0,100,0,,0,100,"","","","","",""
"herac_001",,,,"char_HERCULESKABUTERIMON",true,true,true,true,true,true,true,true,0,0,0,0,100,0,,0,100,"","","","","",""
"rose_001",,,,"char_ROSEMON",true,true,true,true,true,true,true,true,0,0,0,0,100,0,,0,100,"","","","","",""
"pino_001",,,,"char_PINOCHIMON",true,true,true,true,true,true,true,true,0,0,0,0,100,0,,0,100,"","","","","",""
"syuri_001",,,,"char_SHURIMON",true,true,true,true,true,true,true,true,0,0,0,0,100,0,,0,100,"","","","","",""
"kuwa_001",,,,"char_KUWAGAMON",true,true,true,true,true,true,true,true,0,0,0,0,100,0,,0,100,"","","","","",""
"tyrant_001",,,,"char_TYRANTKABUTERIMON",true,true,true,true,true,true,true,true,0,0,0,0,100,0,,0,100,"","","","","",""
"roto_001",,,,"char_LOTOSMON",true,true,true,true,true,true,true,true,0,0,0,0,100,0,,0,100,"","","","","",""
"pal_001",,,,"char_PALMON",true,true,true,true,true,true,true,true,0,0,0,0,100,0,,0,100,"","","","","",""
"roseb_001",,,,"char_ROSEMON_BM",true,true,true,true,true,true,true,true,0,0,0,0,100,0,,0,100,"","","","","",""
"hag_001",,,,"char_HAGURUMON",true,true,true,true,true,true,true,true,0,0,0,0,100,0,,0,100,"","","","","",""
"gotsu_001",,,,"char_GOTTSUMON",true,true,true,true,true,true,true,true,0,0,0,0,100,0,,0,100,"","","","","",""
"aruma_001",,,,"char_ARMADILLOMON",true,true,true,true,true,true,true,true,0,0,0,0,100,0,,0,100,"","","","","",""
"kokuw_001",,,,"char_KOKUWAMON",true,true,true,true,true,true,true,true,0,0,0,0,100,0,,0,100,"","","","","",""
"guard_001",,,,"char_GUARDROMON",true,true,true,true,true,true,true,true,0,0,0,0,100,0,,0,100,"","","","","",""
"tunk_001",,,,"char_TANKMON",true,true,true,true,true,true,true,true,0,0,0,0,100,0,,0,100,"","","","","",""
"tsuchi_001",,,,"char_TUCHIDARUMON",true,true,true,true,true,true,true,true,0,0,0,0,100,0,,0,100,"","","","","",""
"ankylo_001",,,,"char_ANKYLOMON",true,true,true,true,true,true,true,true,0,0,0,0,100,0,,0,100,"","","","","",""
"clock_001",,,,"char_CLOCKMON",true,true,true,true,true,true,true,true,0,0,0,0,100,0,,0,100,"","","","","",""
"mame_001",,,,"char_MAMEMON",true,true,true,true,true,true,true,true,0,0,0,0,100,0,,0,100,"","","","","",""
"metma_001",,,,"char_METALMAMEMON",true,true,true,true,true,true,true,true,0,0,0,0,100,0,,0,100,"","","","","",""
"andro_001",,,,"char_ANDROMON",true,true,true,true,true,true,true,true,0,0,0,0,100,0,,0,100,"","","","","",""
"hiand_001",,,,"char_HIANDROMON",true,true,true,true,true,true,true,true,0,0,0,0,100,0,,0,100,"","","","","",""
"muged_001",,,,"char_MUGENDRAMON",true,true,true,true,true,true,true,true,0,0,0,0,100,0,,0,100,"","","","","",""
"megag_001",,,,"char_MEGAGROWLMON",true,true,true,true,true,true,true,true,0,0,0,0,100,0,,0,100,"","","","","",""
"ulbra_001",,,,"char_ULTIMATEBRAKIMON",true,true,true,true,true,true,true,true,0,0,0,0,100,0,,0,100,"","","","","",""
"mera_001",,,,"char_MERAMON",true,true,true,true,true,true,true,true,0,0,0,0,100,0,,0,100,"","","","","",""
"bota_001",,,,"char_BOTAMON",true,true,true,true,true,true,true,true,0,0,0,0,100,0,,0,100,"","","","","",""
"puni_001",,,,"char_PUNIMON",true,true,true,true,true,true,true,true,0,0,0,0,100,0,,0,100,"","","","","",""
"koro_001",,,,"char_KOROMON",true,true,true,true,true,true,true,true,0,0,0,0,100,0,,0,100,"","","","","",""
"tsuno_001",,,,"char_TUNOMON",true,true,true,true,true,true,true,true,0,0,0,0,100,0,,0,100,"","","","","",""
"kote_001",,,,"char_KOTEMON",true,true,true,true,true,true,true,true,0,0,0,0,100,0,,0,100,"","","","","",""
"bui_001",,,,"char_V-MON",true,true,true,true,true,true,true,true,0,0,0,0,100,0,,0,100,"","","","","",""
"gao_001",,,,"char_GAOMON",true,true,true,true,true,true,true,true,0,0,0,0,100,0,,0,100,"","","","","",""
"falco_001",,,,"char_FALCOMON",true,true,true,true,true,true,true,true,0,0,0,0,100,0,,0,100,"","","","","",""
"gal_001",,,,"char_GARGOMON",true,true,true,true,true,true,true,true,0,0,0,0,100,0,,0,100,"","","","","",""
"gaoga_001",,,,"char_GAOGAMON",true,true,true,true,true,true,true,true,0,0,0,0,100,0,,0,100,"","","","","",""
"parrot_001",,,,"char_PARROTMON",true,true,true,true,true,true,true,true,0,0,0,0,100,0,,0,100,"","","","","",""
"zudo_001",,,,"char_ZUDOMON",true,true,true,true,true,true,true,true,0,0,0,0,100,0,,0,100,"","","","","",""
"pico_001",,,,"char_PICKLEMON",true,true,true,true,true,true,true,true,0,0,0,0,100,0,,0,100,"","","","","",""
"bear_001",,,,"char_BEARMON",true,true,true,true,true,true,true,true,0,0,0,0,100,0,,0,100,"","","","","",""
"shout_001",,,,"char_SHOUTMON",true,true,true,true,true,true,true,true,0,0,0,0,100,0,,0,100,"","","","","",""
"lena_001",,,,"char_RENAMON",true,true,true,true,true,true,true,true,0,0,0,0,100,0,,0,100,"","","","","",""
"panja_001",,,,"char_PANJYAMON",true,true,true,true,true,true,true,true,0,0,0,0,100,0,,0,100,"","","","","",""
"machg_001",,,,"char_MACHGAOGAMON",true,true,true,true,true,true,true,true,0,0,0,0,100,0,,0,100,"","","","","",""
"gaji_001",,,,"char_GAZIMON",true,true,true,true,true,true,true,true,0,0,0,0,100,0,,0,100,"","","","","",""
"beta_001",,,,"char_BETAMON",true,true,true,true,true,true,true,true,0,0,0,0,100,0,,0,100,"","","","","",""
"giza_001",,,,"char_GIZAMON",true,true,true,true,true,true,true,true,0,0,0,0,100,0,,0,100,"","","","","",""
"tyran_001",,,,"char_TYRANNOMON",true,true,true,true,true,true,true,true,0,0,0,0,100,0,,0,100,"","","","","",""
"aird_001",,,,"char_AIRDRAMON",true,true,true,true,true,true,true,true,0,0,0,0,100,0,,0,100,"","","","","",""
"poyo_001",,,,"char_POYOMON",true,true,true,true,true,true,true,true,0,0,0,0,100,0,,0,100,"","","","","",""
"toko_001",,,,"char_TOKOMON",true,true,true,true,true,true,true,true,0,0,0,0,100,0,,0,100,"","","","","",""
"pata_001",,,,"char_PATAMON",true,true,true,true,true,true,true,true,0,0,0,0,100,0,,0,100,"","","","","",""
"kuda_001",,,,"char_KUDAMON",true,true,true,true,true,true,true,true,0,0,0,0,100,0,,0,100,"","","","","",""
"pro_001",,,,"char_PLOTMON",true,true,true,true,true,true,true,true,0,0,0,0,100,0,,0,100,"","","","","",""
"teri_001",,,,"char_TERRIERMON",true,true,true,true,true,true,true,true,0,0,0,0,100,0,,0,100,"","","","","",""
"lop_001",,,,"char_LOPMON",true,true,true,true,true,true,true,true,0,0,0,0,100,0,,0,100,"","","","","",""
"ange_001",,,,"char_ANGEMON",true,true,true,true,true,true,true,true,0,0,0,0,100,0,,0,100,"","","","","",""
"reppa_001",,,,"char_REPPAMON",true,true,true,true,true,true,true,true,0,0,0,0,100,0,,0,100,"","","","","",""
"tail_001",,,,"char_TAILMON",true,true,true,true,true,true,true,true,0,0,0,0,100,0,,0,100,"","","","","",""
"uni_001",,,,"char_YUNIMON",true,true,true,true,true,true,true,true,0,0,0,0,100,0,,0,100,"","","","","",""
"angew_001",,,,"char_ANGEWOMON",true,true,true,true,true,true,true,true,0,0,0,0,100,0,,0,100,"","","","","",""
"holyan_001",,,,"char_HOLYANGEMON",true,true,true,true,true,true,true,true,0,0,0,0,100,0,,0,100,"","","","","",""
"knight_001",,,,"char_KNIGHTMON",true,true,true,true,true,true,true,true,0,0,0,0,100,0,,0,100,"","","","","",""
"chiri_001",,,,"char_TYILINMON",true,true,true,true,true,true,true,true,0,0,0,0,100,0,,0,100,"","","","","",""
"glade_001",,,,"char_GRADEMON",true,true,true,true,true,true,true,true,0,0,0,0,100,0,,0,100,"","","","","",""
"claan_001",,,,"char_CLAVISANGEMON",true,true,true,true,true,true,true,true,0,0,0,0,100,0,,0,100,"","","","","",""
"ofa_001",,,,"char_OPHANIMON",true,true,true,true,true,true,true,true,0,0,0,0,100,0,,0,100,"","","","","",""
"serap_001",,,,"char_SERAPHIMON",true,true,true,true,true,true,true,true,0,0,0,0,100,0,,0,100,"","","","","",""
"pega_001",,,,"char_PEGASMON",true,true,true,true,true,true,true,true,0,0,0,0,100,0,,0,100,"","","","","",""
"nefe_001",,,,"char_NEFERTIMON",true,true,true,true,true,true,true,true,0,0,0,0,100,0,,0,100,"","","","","",""
"mug_001",,,,"char_MAGNAMON",true,true,true,true,true,true,true,true,0,0,0,0,100,0,,0,100,"","","","","",""
"coro_001",,,,"char_CORONAMON",true,true,true,true,true,true,true,true,0,0,0,0,100,0,,0,100,"","","","","",""
"luna_001",,,,"char_LUNAMON",true,true,true,true,true,true,true,true,0,0,0,0,100,0,,0,100,"","","","","",""
"anwi_001",,,,"char_ANCIENTWISETMON",true,true,true,true,true,true,true,true,0,0,0,0,100,0,,0,100,"","","","","",""
"sola_001",,,,"char_SOLARMON",true,true,true,true,true,true,true,true,0,0,0,0,100,0,,0,100,"","","","","",""
"bird_001",,,,"char_BIRDRAMON",true,true,true,true,true,true,true,true,0,0,0,0,100,0,,0,100,"","","","","",""
"agni_001",,,,"char_AGNIMON",true,true,true,true,true,true,true,true,0,0,0,0,100,0,,0,100,"","","","","",""
"vuli_001",,,,"char_VRITRAMON",true,true,true,true,true,true,true,true,0,0,0,0,100,0,,0,100,"","","","","",""
"rigra_001",,,,"char_RIZEGREYMON",true,true,true,true,true,true,true,true,0,0,0,0,100,0,,0,100,"","","","","",""
"shakko_001",,,,"char_SHAKKOUMON",true,true,true,true,true,true,true,true,0,0,0,0,100,0,,0,100,"","","","","",""
"shigra_001",,,,"char_SHINEGREYMON",true,true,true,true,true,true,true,true,0,0,0,0,100,0,,0,100,"","","","","",""
"houo_001",,,,"char_HOUOUMON",true,true,true,true,true,true,true,true,0,0,0,0,100,0,,0,100,"","","","","",""
"megi_001",,,,"char_MEGIDRAMON",true,true,true,true,true,true,true,true,0,0,0,0,100,0,,0,100,"","","","","",""
"beow_001",,,,"char_BEOWOLFMON",true,true,true,true,true,true,true,true,0,0,0,0,100,0,,0,100,"","","","","",""
"mumm_001",,,,"char_MUMMYMON",true,true,true,true,true,true,true,true,0,0,0,0,100,0,,0,100,"","","","","",""
"pen_001",,,,"char_PENMON",true,true,true,true,true,true,true,true,0,0,0,0,100,0,,0,100,"","","","","",""
"ikka_001",,,,"char_IKKAKUMON",true,true,true,true,true,true,true,true,0,0,0,0,100,0,,0,100,"","","","","",""
"yuki_001",,,,"char_YUKIDARUMON",true,true,true,true,true,true,true,true,0,0,0,0,100,0,,0,100,"","","","","",""
"moja_001",,,,"char_MOJYAMON",true,true,true,true,true,true,true,true,0,0,0,0,100,0,,0,100,"","","","","",""
"viki_001",,,,"char_VIKEMON",true,true,true,true,true,true,true,true,0,0,0,0,100,0,,0,100,"","","","","",""
"mete_001",,,,"char_METALETEMON",true,true,true,true,true,true,true,true,0,0,0,0,100,0,,0,100,"","","","","",""
"raidora_001",,,,"char_LIGHDRAMON",true,true,true,true,true,true,true,true,0,0,0,0,100,0,,0,100,"","","","","",""
"horus_001",,,,"char_HOLSMON",true,true,true,true,true,true,true,true,0,0,0,0,100,0,,0,100,"","","","","",""
"piko_001",,,,"char_PICODEVIMON",true,true,true,true,true,true,true,true,0,0,0,0,100,0,,0,100,"","","","","",""
"devi_001",,,,"char_DEVIMON",true,true,true,true,true,true,true,true,0,0,0,0,100,0,,0,100,"","","","","",""
"vande_001",,,,"char_VAMDEMON",true,true,true,true,true,true,true,true,0,0,0,0,100,0,,0,100,"","","","","",""
"ldevi_001",,,,"char_LADYDEVIMON",true,true,true,true,true,true,true,true,0,0,0,0,100,0,,0,100,"","","","","",""
"asta_001",,,,"char_ASTAMON",true,true,true,true,true,true,true,true,0,0,0,0,100,0,,0,100,"","","","","",""
"skuba_001",,,,"char_SKULLBALUCHIMON",true,true,true,true,true,true,true,true,0,0,0,0,100,0,,0,100,"","","","","",""
"demon_001",,,,"char_DEMON",true,true,true,true,true,true,true,true,0,0,0,0,100,0,,0,100,"","","","","",""
"pie_001",,,,"char_PIEDMON",true,true,true,true,true,true,true,true,0,0,0,0,100,0,,0,100,"","","","","",""
"kelbi_001",,,,"char_KERPYMON_BAD",true,true,true,true,true,true,true,true,0,0,0,0,100,0,,0,100,"","","","","",""
"aruda_001",,,,"char_ALDAMON",true,true,true,true,true,true,true,true,0,0,0,0,100,0,,0,100,"","","","","",""
"doru_001",,,,"char_DORUMON",true,true,true,true,true,true,true,true,0,0,0,0,100,0,,0,100,"","","","","",""
"giru_001",,,,"char_GUILMON",true,true,true,true,true,true,true,true,0,0,0,0,100,0,,0,100,"","","","","",""
"elec_001",,,,"char_ELECMON",true,true,true,true,true,true,true,true,0,0,0,0,100,0,,0,100,"","","","","",""
"chu_001",,,,"char_TYUMON",true,true,true,true,true,true,true,true,0,0,0,0,100,0,,0,100,"","","","","",""
"imp_001",,,,"char_IMPMON",true,true,true,true,true,true,true,true,0,0,0,0,100,0,,0,100,"","","","","",""
"nume_001",,,,"char_NUMEMON",true,true,true,true,true,true,true,true,0,0,0,0,100,0,,0,100,"","","","","",""
"geogra_001",,,,"char_GEOGREYMON",true,true,true,true,true,true,true,true,0,0,0,0,100,0,,0,100,"","","","","",""
"gabe_001",,,,"char_GERBEMON",true,true,true,true,true,true,true,true,0,0,0,0,100,0,,0,100,"","","","","",""
"deta_001",,,,"char_DIGITAMAMON",true,true,true,true,true,true,true,true,0,0,0,0,100,0,,0,100,"","","","","",""
"monza_001",,,,"char_MONZAEMON",true,true,true,true,true,true,true,true,0,0,0,0,100,0,,0,100,"","","","","",""
"hack_001",,,,"char_HACKMON",true,true,true,true,true,true,true,true,0,0,0,0,100,0,,0,100,"","","","","",""
"graw_001",,,,"char_GROWMON",true,true,true,true,true,true,true,true,0,0,0,0,100,0,,0,100,"","","","","",""
"paid_001",,,,"char_PAILDRAMON",true,true,true,true,true,true,true,true,0,0,0,0,100,0,,0,100,"","","","","",""
"banleo_001",,,,"char_BANCHOLEOMON",true,true,true,true,true,true,true,true,0,0,0,0,100,0,,0,100,"","","","","",""
"ganku_001",,,,"char_GANKOOMON",true,true,true,true,true,true,true,true,0,0,0,0,100,0,,0,100,"","","","","",""
"guraleo_001",,,,"char_GRAPLEOMON",true,true,true,true,true,true,true,true,0,0,0,0,100,0,,0,100,"","","","","",""
"belsta_001",,,,"char_BEELSTARMON",true,true,true,true,true,true,true,true,0,0,0,0,100,0,,0,100,"","","","","",""
"supsta_001",,,,"char_SUPERSTARMON",true,true,true,true,true,true,true,true,0,0,0,0,100,0,,0,100,"","","","","",""
"migao_001",,,,"char_MIRAGEGAOGAMON",true,true,true,true,true,true,true,true,0,0,0,0,100,0,,0,100,"","","","","",""
"kure_001",,,,"char_CRANIAMON",true,true,true,true,true,true,true,true,0,0,0,0,100,0,,0,100,"","","","","",""
"mdora_001",,,,"char_MEGADRAMON",true,true,true,true,true,true,true,true,0,0,0,0,100,0,,0,100,"","","","","",""
"cydora_001",,,,"char_CYBERDRAMON",true,true,true,true,true,true,true,true,0,0,0,0,100,0,,0,100,"","","","","",""
"mgra_001",,,,"char_METALGREYMON",true,true,true,true,true,true,true,true,0,0,0,0,100,0,,0,100,"","","","","",""
"aero_001",,,,"char_AEROVEEDRAMON",true,true,true,true,true,true,true,true,0,0,0,0,100,0,,0,100,"","","","","",""
"rapi_001",,,,"char_RAPIDMON",true,true,true,true,true,true,true,true,0,0,0,0,100,0,,0,100,"","","","","",""
"rave_001",,,,"char_RAVEMON",true,true,true,true,true,true,true,true,0,0,0,0,100,0,,0,100,"","","","","",""
"justi_001",,,,"char_JUSTIMON",true,true,true,true,true,true,true,true,0,0,0,0,100,0,,0,100,"","","","","",""
"lasty_001",,,,"char_RUSTTYRANOMON",true,true,true,true,true,true,true,true,0,0,0,0,100,0,,0,100,"","","","","",""
"chaos_001",,,,"char_CHAOSMON",true,true,true,true,true,true,true,true,0,0,0,0,100,0,,0,100,"","","","","",""
"ruche_001",,,,"char_LUCEMON",true,true,true,true,true,true,true,true,0,0,0,0,100,0,,0,100,"","","","","",""
"gabu_001",,,,"char_GABUMON",true,true,true,true,true,true,true,true,0,0,0,0,100,0,,0,100,"","","","","",""
"agu_001",,,,"char_AGUMON",true,true,true,true,true,true,true,true,0,0,0,0,100,0,,0,100,"","","","","",""
"vdora_001",,,,"char_V-DRAMON",true,true,true,true,true,true,true,true,0,0,0,0,100,0,,0,100,"","","","","",""
"exbui_001",,,,"char_XV-MON",true,true,true,true,true,true,true,true,0,0,0,0,100,0,,0,100,"","","","","",""
"pec_001",,,,"char_PECKMON",true,true,true,true,true,true,true,true,0,0,0,0,100,0,,0,100,"","","","","",""
"sting_001",,,,"char_STINGMON",true,true,true,true,true,true,true,true,0,0,0,0,100,0,,0,100,"","","","","",""
"volf_001",,,,"char_WOLFMON",true,true,true,true,true,true,true,true,0,0,0,0,100,0,,0,100,"","","","","",""
"gall_001",,,,"char_GARURUMON",true,true,true,true,true,true,true,true,0,0,0,0,100,0,,0,100,"","","","","",""
"kyubi_001",,,,"char_KYUBIMON",true,true,true,true,true,true,true,true,0,0,0,0,100,0,,0,100,"","","","","",""
"garumu_001",,,,"char_GARUMMON",true,true,true,true,true,true,true,true,0,0,0,0,100,0,,0,100,"","","","","",""
"wagall_001",,,,"char_WEREGARURUMON",true,true,true,true,true,true,true,true,0,0,0,0,100,0,,0,100,"","","","","",""
"ruchef_001",,,,"char_LUCEMON_FM",true,true,true,true,true,true,true,true,0,0,0,0,100,0,,0,100,"","","","","",""
"omsha_001",,,,"char_OMEGASHOUTMON",true,true,true,true,true,true,true,true,0,0,0,0,100,0,,0,100,"","","","","",""
"wogra_001",,,,"char_WARGREYMON",true,true,true,true,true,true,true,true,0,0,0,0,100,0,,0,100,"","","","","",""
"impe_001",,,,"char_IMPERIALDRAMON_FM",true,true,true,true,true,true,true,true,0,0,0,0,100,0,,0,100,"","","","","",""
"god_001",,,,"char_GODDRAMON",true,true,true,true,true,true,true,true,0,0,0,0,100,0,,0,100,"","","","","",""
"exa_001",,,,"char_EXAMON",true,true,true,true,true,true,true,true,0,0,0,0,100,0,,0,100,"","","","","",""
"jies_001",,,,"char_JESMON",true,true,true,true,true,true,true,true,0,0,0,0,100,0,,0,100,"","","","","",""
"kaigra_001",,,,"char_KAISERGREYMON",true,true,true,true,true,true,true,true,0,0,0,0,100,0,,0,100,"","","","","",""
"levi_001",,,,"char_LEVIAMON",true,true,true,true,true,true,true,true,0,0,0,0,100,0,,0,100,"","","","","",""
"sleip_001",,,,"char_SLEIPMON",true,true,true,true,true,true,true,true,0,0,0,0,100,0,,0,100,"","","","","",""
"mgul_001",,,,"char_METALGARURUMON",true,true,true,true,true,true,true,true,0,0,0,0,100,0,,0,100,"","","","","",""
"mgaob_001",,,,"char_MIRAGEGAOGAMON_BM",true,true,true,true,true,true,true,true,0,0,0,0,100,0,,0,100,"","","","","",""
"magul_001",,,,"char_MAGNAGARURUMON",true,true,true,true,true,true,true,true,0,0,0,0,100,0,,0,100,"","","","","",""
"mgulb_001",,,,"char_MAGNAGARURUMON_SEPARATION",true,true,true,true,true,true,true,true,0,0,0,0,100,0,,0,100,"","","","","",""
"ravebu_001",,,,"char_RAVEMON_BM",true,true,true,true,true,true,true,true,0,0,0,0,100,0,,0,100,"","","","","",""
"duke_001",,,,"char_DUKEMON",true,true,true,true,true,true,true,true,0,0,0,0,100,0,,0,100,"","","","","",""
"dukec_001",,,,"char_DUKEMON_CM",true,true,true,true,true,true,true,true,0,0,0,0,100,0,,0,100,"","","","","",""
"chadu_001",,,,"char_CHAOSDUKEMON",true,true,true,true,true,true,true,true,0,0,0,0,100,0,,0,100,"","","","","",""
"mduke_001",,,,"char_MEDIEVALDUKEMON",true,true,true,true,true,true,true,true,0,0,0,0,100,0,,0,100,"","","","","",""
"alfa_001",,,,"char_ALPHAMON",true,true,true,true,true,true,true,true,0,0,0,0,100,0,,0,100,"","","","","",""
"alfak_001",,,,"char_ALPHAMON_OURYUKEN",true,true,true,true,true,true,true,true,0,0,0,0,100,0,,0,100,"","","","","",""
"lokni_001",,,,"char_LOADKNIGHTMON",true,true,true,true,true,true,true,true,0,0,0,0,100,0,,0,100,"","","","","",""
"duna_001",,,,"char_DYNASMON",true,true,true,true,true,true,true,true,0,0,0,0,100,0,,0,100,"","","","","",""
"duft_001",,,,"char_DUFTMON",true,true,true,true,true,true,true,true,0,0,0,0,100,0,,0,100,"","","","","",""
"duftrm_001",,,,"char_DUFTMON_LM",true,true,true,true,true,true,true,true,0,0,0,0,100,0,,0,100,"","","","","",""
"holyd_001",,,,"char_HOLYDRAMON",true,true,true,true,true,true,true,true,0,0,0,0,100,0,,0,100,"","","","","",""
"alfo_001",,,,"char_ULFORCEVDRAMON",true,true,true,true,true,true,true,true,0,0,0,0,100,0,,0,100,"","","","","",""
"barba_001",,,,"char_BARBAMON",true,true,true,true,true,true,true,true,0,0,0,0,100,0,,0,100,"","","","","",""
"bel_001",,,,"char_BEELZEBUMON",true,true,true,true,true,true,true,true,0,0,0,0,100,0,,0,100,"","","","","",""
"belbl_001",,,,"char_BEELZEMON_BM",true,true,true,true,true,true,true,true,0,0,0,0,100,0,,0,100,"","","","","",""
"lilis_001",,,,"char_LILITHMON",true,true,true,true,true,true,true,true,0,0,0,0,100,0,,0,100,"","","","","",""
"belfrm_001",,,,"char_BELPHEMON_RM",true,true,true,true,true,true,true,true,0,0,0,0,100,0,,0,100,"","","","","",""
"belfsm_001",,,,"char_BELPHEMON_SM",true,true,true,true,true,true,true,true,0,0,0,0,100,0,,0,100,"","","","","",""
"ruches_001",,,,"char_LUCEMON_SM",true,true,true,true,true,true,true,true,0,0,0,0,100,0,,0,100,"","","","","",""
"freyd_001",,,,"char_FLAMEDRAMON",true,true,true,true,true,true,true,true,0,0,0,0,100,0,,0,100,"","","","","",""
"aonb_001",,,,"char_ENBARRMON",true,true,true,true,true,true,true,true,0,0,0,0,100,0,,0,100,"","","","","",""
"common001",,,,"",true,true,true,false,true,false,false,false,0,0,0,0,100,0,,0,100,"","","","","",""
"common002",,,,"",true,true,true,false,true,false,false,false,0,0,0,0,100,0,,0,100,"","","","","",""
"common003",,,,"",true,true,true,false,true,false,false,false,0,0,0,0,100,0,,0,100,"","","","","",""
"common004",,,,"",true,true,true,false,true,false,false,false,0,0,0,0,100,0,,0,100,"","","","","",""
"common005",,,,"",false,true,true,true,true,false,false,false,0,0,0,0,100,0,,0,100,"","","","","",""
"common006",,,,"",false,true,true,true,true,false,false,false,0,0,0,0,100,0,,0,100,"","","","","",""
"common007",,,,"",false,true,true,true,true,false,false,false,0,0,0,0,100,0,,0,100,"","","","","",""
"common008",,,,"",false,true,true,true,true,false,false,false,0,0,0,0,100,0,,0,100,"","","","","",""
"common009",,,,"",true,false,true,true,true,false,false,false,0,0,0,0,100,0,,0,100,"","","","","",""
"common010",,,,"",true,false,true,true,true,false,false,false,0,0,0,0,100,0,,0,100,"","","","","",""
"common011",,,,"",true,false,true,true,true,false,false,false,0,0,0,0,100,0,,0,100,"","","","","",""
"common012",,,,"",true,false,true,true,true,false,false,false,0,0,0,0,100,0,,0,100,"","","","","",""
"common013",,,,"",true,true,false,true,true,false,false,false,0,0,0,0,100,0,,0,100,"","","","","",""
"common014",,,,"",true,true,false,true,true,false,false,false,0,0,0,0,100,0,,0,100,"","","","","",""
"common015",,,,"",true,true,false,true,true,false,false,false,0,0,0,0,100,0,,0,100,"","","","","",""
"common016",,,,"",true,true,false,true,true,false,false,false,0,0,0,0,100,0,,0,100,"","","","","",""
"common017",,,,"",true,true,true,false,false,true,false,false,0,0,0,0,100,0,,0,100,"","","","","",""
"common018",,,,"",true,true,true,false,false,true,false,false,0,0,0,0,100,0,,0,100,"","","","","",""
"common019",,,,"",true,true,true,false,false,true,false,false,0,0,0,0,100,0,,0,100,"","","","","",""
"common020",,,,"",true,true,true,false,false,true,false,false,0,0,0,0,100,0,,0,100,"","","","","",""
"common021",,,,"",false,true,true,true,false,true,false,false,0,0,0,0,100,0,,0,100,"","","","","",""
"common022",,,,"",false,true,true,true,false,true,false,false,0,0,0,0,100,0,,0,100,"","","","","",""
"common023",,,,"",false,true,true,true,false,true,false,false,0,0,0,0,100,0,,0,100,"","","","","",""
"common024",,,,"",false,true,true,true,false,true,false,false,0,0,0,0,100,0,,0,100,"","","","","",""
"common025",,,,"",true,false,true,true,false,true,false,false,0,0,0,0,100,0,,0,100,"","","","","",""
"common026",,,,"",true,false,true,true,false,true,false,false,0,0,0,0,100,0,,0,100,"","","","","",""
"common027",,,,"",true,false,true,true,false,true,false,false,0,0,0,0,100,0,,0,100,"","","","","",""
"common028",,,,"",true,false,true,true,false,true,false,false,0,0,0,0,100,0,,0,100,"","","","","",""
"common029",,,,"",true,true,false,true,false,true,false,false,0,0,0,0,100,0,,0,100,"","","","","",""
"common030",,,,"",true,true,false,true,false,true,false,false,0,0,0,0,100,0,,0,100,"","","","","",""
"common031",,,,"",true,true,false,true,false,true,false,false,0,0,0,0,100,0,,0,100,"","","","","",""
"common032",,,,"",true,true,false,true,false,true,false,false,0,0,0,0,100,0,,0,100,"","","","","",""
"common033",,,,"",true,true,true,false,false,false,true,false,0,0,0,0,100,0,,0,100,"","","","","",""
"common034",,,,"",true,true,true,false,false,false,true,false,0,0,0,0,100,0,,0,100,"","","","","",""
"common035",,,,"",true,true,true,false,false,false,true,false,0,0,0,0,100,0,,0,100,"","","","","",""
"common036",,,,"",true,true,true,false,false,false,true,false,0,0,0,0,100,0,,0,100,"","","","","",""
"common037",,,,"",false,true,true,true,false,false,true,false,0,0,0,0,100,0,,0,100,"","","","","",""
"common038",,,,"",false,true,true,true,false,false,true,false,0,0,0,0,100,0,,0,100,"","","","","",""
"common039",,,,"",false,true,true,true,false,false,true,false,0,0,0,0,100,0,,0,100,"","","","","",""
"common040",,,,"",false,true,true,true,false,false,true,false,0,0,0,0,100,0,,0,100,"","","","","",""
"common041",,,,"",true,false,true,true,false,false,true,false,0,0,0,0,100,0,,0,100,"","","","","",""
"common042",,,,"",true,false,true,true,false,false,true,false,0,0,0,0,100,0,,0,100,"","","","","",""
"common043",,,,"",true,false,true,true,false,false,true,false,0,0,0,0,100,0,,0,100,"","","","","",""
"common044",,,,"",true,false,true,true,false,false,true,false,0,0,0,0,100,0,,0,100,"","","","","",""
"common045",,,,"",true,true,false,true,false,false,true,false,0,0,0,0,100,0,,0,100,"","","","","",""
"common046",,,,"",true,true,false,true,false,false,true,false,0,0,0,0,100,0,,0,100,"","","","","",""
"common047",,,,"",true,true,false,true,false,false,true,false,0,0,0,0,100,0,,0,100,"","","","","",""
"common048",,,,"",true,true,false,true,false,false,true,false,0,0,0,0,100,0,,0,100,"","","","","",""
"common049",,,,"",true,true,true,false,false,false,false,true,0,0,0,0,100,0,,0,100,"","","","","",""
"common050",,,,"",true,true,true,false,false,false,false,true,0,0,0,0,100,0,,0,100,"","","","","",""
"common051",,,,"",true,true,true,false,false,false,false,true,0,0,0,0,100,0,,0,100,"","","","","",""
"common052",,,,"",true,true,true,false,false,false,false,true,0,0,0,0,100,0,,0,100,"","","","","",""
"common053",,,,"",false,true,true,true,false,false,false,true,0,0,0,0,100,0,,0,100,"","","","","",""
"common054",,,,"",false,true,true,true,false,false,false,true,0,0,0,0,100,0,,0,100,"","","","","",""
"common055",,,,"",false,true,true,true,false,false,false,true,0,0,0,0,100,0,,0,100,"","","","","",""
"common056",,,,"",false,true,true,true,false,false,false,true,0,0,0,0,100,0,,0,100,"","","","","",""
"common057",,,,"",true,false,true,true,false,false,false,true,0,0,0,0,100,0,,0,100,"","","","","",""
"common058",,,,"",true,false,true,true,false,false,false,true,0,0,0,0,100,0,,0,100,"","","","","",""
"common059",,,,"",true,false,true,true,false,false,false,true,0,0,0,0,100,0,,0,100,"","","","","",""
"common060",,,,"",true,false,true,true,false,false,false,true,0,0,0,0,100,0,,0,100,"","","","","",""
"common061",,,,"",true,true,false,true,false,false,false,true,0,0,0,0,100,0,,0,100,"","","","","",""
"common062",,,,"",true,true,false,true,false,false,false,true,0,0,0,0,100,0,,0,100,"","","","","",""
"common063",,,,"",true,true,false,true,false,false,false,true,0,0,0,0,100,0,,0,100,"","","","","",""
"common064",,,,"",true,true,false,true,false,false,false,true,0,0,0,0,100,0,,0,100,"","","","","",""
